資料区分,都道府県コード,警察署等コード,本票番号,事故内容,死者数,負傷者数,路線コード,上下線,地点コード,市区町村コード,昼夜,天候,地形,路面状態,道路形状,環状交差点の直径,信号機,一時停止規制　標識（当事者A）,一時停止規制　表示（当事者A）,一時停止規制　標識（当事者B）,一時停止規制　表示（当事者B）,車道幅員,道路線形,衝突地点,ゾーン規制,中央分離帯施設等,歩車道区分,事故類型,年齢（当事者A）,年齢（当事者B）,当事者種別（当事者A）,当事者種別（当事者B）,用途別（当事者A）,用途別（当事者B）,車両形状（当事者A）,車両形状（当事者B）,速度規制（指定のみ）（当事者A）,速度規制（指定のみ）（当事者B）,車両の衝突部位（当事者A）,車両の衝突部位（当事者B）,車両の損壊程度（当事者A）,車両の損壊程度（当事者B）,エアバッグの装備（当事者A）,エアバッグの装備（当事者B）,サイドエアバッグの装備（当事者A）,サイドエアバッグの装備（当事者B）,人身損傷程度（当事者A）,人身損傷程度（当事者B）,曜日(発生年月日),祝日(発生年月日),発生地点,道路管理者区分,道路区分,道路構造,曲線半径,縦断勾配,トンネル番号,当事者車両台数,車両単独事故の対象物,臨時速度規制の有無,速度規制（臨時のみ）,トンネル延長距離,緯度,経度,発生日,発生時,color
本票,千葉,高速道路交通警察隊,0045,負傷,0,1,42340,下,0000,206,昼－昼,雨,非市街地,舗装－湿潤,単路－その他,環状交差点以外 環状交差点以外をいう。,施設なし,対象外当事者,その他,対象外当事者,その他,単路－13.0m以上,直線－平坦,単路（交差点付近を含む）,規制なし,中央分離帯,区分なし,車両相互,0～24歳,35～44歳,貨物車－中型車,貨物車－中型車,自家用,事業用,貨物車,貨物車,80㎞／ｈ以下,80㎞／ｈ以下,左前-左後,右前-無,中破,小破,その他,その他,その他,その他,損傷なし,負傷,木,その他,655,東日本高速道路,走行車線－第一通行帯,完全分離－盛土,直線,平坦・該当なし,,2,該当なし,該当なし,該当なし,0,35.358917,139.954709,2019-03-07,08:25,blue
本票,千葉,高速道路交通警察隊,0065,負傷,0,1,50020,下,0000,204,昼－昼,曇,市街地－その他,舗装－乾燥,単路－その他,環状交差点以外 環状交差点以外をいう。,施設なし,対象外当事者,その他,対象外当事者,その他,単路－19.5m以上,直線－平坦,単路（交差点付近を含む）,規制なし,中央分離帯,区分なし,車両相互,65～74歳,45～54歳,乗用車－普通車,乗用車－軽自動車,自家用,自家用,乗用車,乗用車,40㎞／ｈ以下,40㎞／ｈ以下,左前-無,右前-無,小破,小破,その他,その他,その他,その他,損傷なし,負傷,日,その他,86,東日本高速道路,減速車線,完全分離－その他,直線,平坦・該当なし,,2,該当なし,該当なし,該当なし,0,35.696921,139.973351,2019-03-31,10:10,blue
本票,神奈川,高速道路交通警察隊,0092,負傷,0,1,51010,下,0000,112,昼－昼,晴,非市街地,舗装－乾燥,単路－その他,環状交差点以外 環状交差点以外をいう。,施設なし,対象外当事者,その他,対象外当事者,その他,単路－13.0m以上,直線－平坦,単路（交差点付近を含む）,規制なし,中央分離帯,区分あり－路側帯,車両相互,45～54歳,65～74歳,貨物車－大型車,貨物車－中型車,事業用,事業用,貨物車,貨物車,40㎞／ｈ以下,40㎞／ｈ以下,前-無,前-後,中破,中破,その他,その他,その他,その他,損傷なし,負傷,金,その他,53,国土交通省,走行車線－第二通行帯以上,完全分離－その他,該当なし,平坦・該当なし,,5,該当なし,該当なし,該当なし,0,35.478289,139.522676,2019-03-08,10:05,blue
本票,神奈川,高速道路交通警察隊,0113,負傷,0,2,50020,下,0000,109,夜－明,晴,非市街地,舗装－乾燥,単路－その他,環状交差点以外 環状交差点以外をいう。,施設なし,対象外当事者,その他,対象外当事者,その他,単路－19.5m以上,直線－平坦,単路（交差点付近を含む）,規制なし,中央分離帯,区分あり－路側帯,車両相互,45～54歳,0～24歳,乗用車－普通車,貨物車－軽自動車,自家用,自家用,乗用車,貨物車,80㎞／ｈ以下,80㎞／ｈ以下,前-左前,右前-右,大破,大破,その他,その他,その他,その他,損傷なし,負傷,金,その他,90,東日本高速道路,走行車線－第一通行帯,その他,該当なし,平坦・該当なし,,3,該当なし,該当なし,該当なし,0,35.533495,139.600267,2019-03-15,05:20,blue
本票,神奈川,高速道路交通警察隊,0121,負傷,0,1,42710,上,8072,136,昼－昼,曇,非市街地,舗装－乾燥,単路－その他,環状交差点以外 環状交差点以外をいう。,施設なし,対象外当事者,その他,対象外当事者,その他,単路－19.5m以上,直線－平坦,単路（交差点付近を含む）,規制なし,中央分離帯,区分なし,車両相互,35～44歳,55～64歳,乗用車－普通車,乗用車－普通車,自家用,自家用,乗用車,乗用車,80㎞／ｈ以下,80㎞／ｈ以下,前-前,前-後,小破,小破,その他,その他,その他,その他,損傷なし,負傷,火,その他,62,中日本高速道路,走行車線－第二通行帯以上,完全分離－その他,直線,平坦・該当なし,,3,該当なし,該当なし,該当なし,0,35.597099,139.576716,2019-03-19,08:15,blue
本票,神奈川,高速道路交通警察隊,0147,負傷,0,3,42730,上,9117,215,昼－昼,曇,非市街地,舗装－乾燥,単路－その他,環状交差点以外 環状交差点以外をいう。,施設なし,対象外当事者,その他,対象外当事者,その他,単路－9.0m以上,直線－平坦,単路（交差点付近を含む）,規制なし,中央分離帯,区分なし,車両相互,45～54歳,25～34歳,乗用車－軽自動車,貨物車－軽自動車,自家用,自家用,乗用車,貨物車,80㎞／ｈ以下,80㎞／ｈ以下,前-後,前-無,中破,中破,装備あり 作動,装備あり 作動,その他,装備あり 作動,負傷,損傷なし,金,その他,107,中日本高速道路,走行車線－第一通行帯,完全分離－その他,直線,平坦・該当なし,,3,該当なし,該当なし,該当なし,0,35.441368,139.376042,2019-03-29,08:23,blue
本票,静岡,高速道路交通警察隊,0076,負傷,0,1,42710,対象外,0000,210,夜－暮,曇,非市街地,舗装－湿潤,単路－その他,環状交差点以外 環状交差点以外をいう。,施設なし,対象外当事者,その他,対象外当事者,その他,単路－3.5m以上,直線－平坦,単路（交差点付近を含む）,規制なし,中央分離帯,区分なし,車両相互,45～54歳,55～64歳,貨物車－大型車,貨物車－普通車,事業用,自家用,貨物車,貨物車,80㎞／ｈ以下,80㎞／ｈ以下,前-左前,前-左,小破,大破,その他,装備あり 作動,その他,その他,損傷なし,負傷,木,当日,1201,中日本高速道路,追越車線,完全分離－その他,直線,平坦・該当なし,,2,該当なし,該当なし,80㎞/h以下,0,35.180598,138.681143,2019-03-21,18:15,blue
本票,静岡,高速道路交通警察隊,0086,負傷,0,1,42810,上,0000,203,昼－昼,曇,非市街地,舗装－乾燥,単路－トンネル,環状交差点以外 環状交差点以外をいう。,施設なし,対象外当事者,その他,対象外当事者,その他,単路－5.5m以上,直線－平坦,単路（交差点付近を含む）,規制なし,中央分離帯,区分なし,車両相互,0～24歳,35～44歳,乗用車－普通車,乗用車－普通車,自家用,自家用,乗用車,乗用車,指定の速度規制なし等,指定の速度規制なし等,前-無,前-後,中破,小破,その他,その他,その他,その他,損傷なし,負傷,土,その他,739,中日本高速道路,走行車線－第二通行帯以上,完全分離－トンネル,直線,平坦・該当なし,焼山,3,該当なし,該当なし,該当なし,597,35.156543,138.788712,2019-03-30,10:23,blue
本票,岐阜,高速道路交通警察隊,0011,死亡,1,1,50030,下,0000,203,昼－明,晴,非市街地,舗装－乾燥,単路－トンネル,環状交差点以外 環状交差点以外をいう。,施設なし,対象外当事者,その他,対象外当事者,その他,単路－5.5m以上,カーブ・屈折－右－平坦,単路（交差点付近を含む）,規制なし,中央線－ポストコーン,区分あり－路側帯,車両相互,55～64歳,35～44歳,貨物車－中型車,乗用車－軽自動車,事業用,自家用,貨物車,乗用車,70㎞／ｈ以下,70㎞／ｈ以下,前-無,前-無,中破,大破,その他,装備あり 作動,その他,その他,負傷,死亡,火,その他,1655,名古屋高速,走行車線－第一通行帯,非分離－トンネル,カーブ－1000m以上,平坦－２％以上,釈迦内,2,該当なし,該当なし,該当なし,3400,36.179081,137.226375,2019-02-26,06:55,red
本票,岐阜,高速道路交通警察隊,0015,負傷,0,3,50040,上,0000,203,昼－昼,晴,非市街地,舗装－乾燥,単路－トンネル,環状交差点以外 環状交差点以外をいう。,施設なし,対象外当事者,その他,対象外当事者,その他,単路－5.5m以上,カーブ・屈折－左－平坦,単路（交差点付近を含む）,規制なし,中央線－ポストコーン,区分あり－縁石・ブロック等,車両相互,35～44歳,0～24歳,乗用車－普通車,貨物車－軽自動車,自家用,自家用,乗用車,貨物車,70㎞／ｈ以下,70㎞／ｈ以下,右前-無,右前-前,中破,大破,装備あり 作動,装備あり 作動,装備あり 作動,その他,負傷,負傷,土,その他,1672,名古屋高速,走行車線－第一通行帯,非分離－トンネル,カーブ－1000m以上,平坦－２％以上,釈迦内,2,該当なし,該当なし,該当なし,3400,36.192438,137.235642,2019-03-09,09:05,blue
本票,愛知,高速道路交通警察隊,0116,負傷,0,4,42710,上,0000,238,昼－明,晴,市街地－その他,舗装－乾燥,単路－その他,環状交差点以外 環状交差点以外をいう。,施設なし,対象外当事者,その他,対象外当事者,その他,単路－9.0m以上,直線－平坦,単路（交差点付近を含む）,規制なし,中央分離帯,区分あり－防護柵等,車両相互,45～54歳,55～64歳,貨物車－大型車,乗用車－普通車,事業用,自家用,貨物車,乗用車,50㎞／ｈ以下,50㎞／ｈ以下,前-無,前-後,小破,小破,その他,その他,その他,その他,損傷なし,損傷なし,火,その他,3241,中日本高速道路,追越車線,完全分離－切土,直線,平坦・該当なし,,3,該当なし,あり－渋滞,50㎞/h以下,0,35.165627,137.034192,2019-03-05,06:55,blue
本票,愛知,高速道路交通警察隊,0132,負傷,0,1,42720,下,0000,202,夜－暮,晴,非市街地,舗装－乾燥,単路－その他,環状交差点以外 環状交差点以外をいう。,施設なし,対象外当事者,その他,対象外当事者,その他,単路－9.0m以上,直線－平坦,単路（交差点付近を含む）,規制なし,中央分離帯,区分なし,車両相互,55～64歳,35～44歳,乗用車－普通車,乗用車－普通車,自家用,自家用,乗用車,乗用車,指定の速度規制なし等,指定の速度規制なし等,前-無,前-後,小破,中破,その他,その他,その他,その他,損傷なし,負傷,金,その他,2996,中日本高速道路,追越車線,完全分離－盛土,直線,平坦・該当なし,,4,該当なし,該当なし,該当なし,0,34.996103,137.181711,2019-03-08,18:05,blue
本票,愛知,高速道路交通警察隊,0145,負傷,0,3,51110,上,0000,112,昼－昼,晴,非市街地,舗装－乾燥,単路－その他,環状交差点以外 環状交差点以外をいう。,施設なし,対象外当事者,その他,対象外当事者,その他,単路－5.5m以上,直線－平坦,単路（交差点付近を含む）,規制なし,中央分離帯,区分なし,車両相互,65～74歳,45～54歳,貨物車－中型車,貨物車－中型車,自家用,自家用,貨物車,貨物車,60㎞／ｈ以下,60㎞／ｈ以下,前-無,前-後,中破,小破,その他,その他,その他,その他,損傷なし,負傷,土,その他,82,名古屋高速,追越車線,完全分離－高架・橋梁,直線,平坦・該当なし,,4,該当なし,該当なし,該当なし,0,35.081433,136.928062,2019-03-16,15:05,blue
本票,愛知,高速道路交通警察隊,0159,負傷,0,1,42820,下,0000,221,昼－暮,晴,非市街地,舗装－乾燥,単路－トンネル,環状交差点以外 環状交差点以外をいう。,施設なし,対象外当事者,その他,対象外当事者,その他,単路－9.0m以上,直線－平坦,単路（交差点付近を含む）,規制なし,中央分離帯,区分なし,車両相互,25～34歳,0～24歳,乗用車－普通車,乗用車－普通車,自家用,自家用,乗用車,乗用車,指定の速度規制なし等,指定の速度規制なし等,前-無,前-後,小破,小破,その他,その他,その他,その他,損傷なし,負傷,日,その他,2068,中日本高速道路,追越車線,完全分離－トンネル,直線,平坦・該当なし,嵐山,3,該当なし,該当なし,該当なし,746,34.916484,137.578000,2019-03-24,17:43,blue
本票,愛知,高速道路交通警察隊,0169,負傷,0,4,44120,下,0000,110,昼－昼,晴,市街地－人口集中,舗装－乾燥,単路－その他,環状交差点以外 環状交差点以外をいう。,施設なし,対象外当事者,その他,対象外当事者,その他,単路－5.5m以上,直線－平坦,単路（交差点付近を含む）,規制なし,中央分離帯,区分なし,車両相互,35～44歳,55～64歳,乗用車－普通車,乗用車－普通車,自家用,自家用,乗用車,乗用車,40㎞／ｈ以下,40㎞／ｈ以下,前-無,前-後,小破,小破,その他,その他,その他,その他,損傷なし,負傷,日,その他,279,中日本高速道路,走行車線－第一通行帯,完全分離－盛土,直線,平坦・該当なし,,3,該当なし,該当なし,該当なし,0,35.161389,136.817896,2019-03-24,09:15,blue
本票,三重,高速道路交通警察隊,0046,負傷,0,3,44110,上,0000,210,昼－昼,晴,非市街地,舗装－乾燥,単路－その他,環状交差点以外 環状交差点以外をいう。,施設なし,対象外当事者,その他,対象外当事者,その他,単路－9.0m以上,直線－平坦,単路（交差点付近を含む）,規制なし,中央分離帯,区分あり－路側帯,車両相互,65～74歳,45～54歳,乗用車－大型車,乗用車－普通車,事業用,自家用,乗用車,乗用車,50㎞／ｈ以下,50㎞／ｈ以下,前-前,前-後,小破,小破,その他,その他,その他,その他,損傷なし,損傷なし,土,その他,740,中日本高速道路,追越車線,完全分離－切土,直線,平坦・該当なし,,3,該当なし,あり－渋滞,50㎞/h以下,0,34.902950,136.466400,2019-03-16,16:15,blue
本票,大阪,高速道路交通警察隊,0119,負傷,0,1,44180,下,0000,205,昼－昼,雨,市街地－人口集中,舗装－湿潤,単路－その他,環状交差点以外 環状交差点以外をいう。,施設なし,対象外当事者,その他,対象外当事者,その他,単路－9.0m以上,直線－平坦,単路（交差点付近を含む）,規制なし,中央分離帯,区分なし,車両相互,45～54歳,45～54歳,乗用車－普通車,乗用車－普通車,事業用,自家用,乗用車,乗用車,60㎞／ｈ以下,60㎞／ｈ以下,前-無,前-後,小破,小破,その他,その他,その他,その他,損傷なし,負傷,月,その他,1,西日本高速道路,走行車線－第二通行帯以上,完全分離－その他,該当なし,平坦・該当なし,,3,該当なし,該当なし,該当なし,0,34.808515,135.545513,2019-03-04,07:45,blue
本票,大阪,高速道路交通警察隊,0121,負傷,0,2,51100,上,0000,106,昼－昼,晴,非市街地,舗装－乾燥,単路－その他,環状交差点以外 環状交差点以外をいう。,施設なし,対象外当事者,その他,対象外当事者,その他,単路－13.0m以上,直線－平坦,単路（交差点付近を含む）,規制なし,中央分離なし,区分なし,車両相互,55～64歳,35～44歳,乗用車－普通車,貨物車－軽自動車,自家用,事業用,乗用車,貨物車,40㎞／ｈ以下,40㎞／ｈ以下,前-無,前-後,小破,小破,その他,その他,その他,その他,損傷なし,損傷なし,金,その他,0,阪神高速道路,走行車線－第一通行帯,その他,該当なし,平坦・該当なし,,3,該当なし,該当なし,該当なし,0,34.681658,135.486125,2019-03-01,14:09,blue
本票,大阪,高速道路交通警察隊,0123,負傷,0,2,51030,上,0000,102,昼－昼,晴,市街地－人口集中,舗装－乾燥,単路－その他,環状交差点以外 環状交差点以外をいう。,施設なし,対象外当事者,その他,対象外当事者,その他,単路－3.5m未満,直線－平坦,単路（交差点付近を含む）,規制なし,中央分離帯,区分なし,車両相互,35～44歳,35～44歳,貨物車－中型車,貨物車－普通車,自家用,自家用,貨物車,貨物車,60㎞／ｈ以下,60㎞／ｈ以下,前-無,前-無,小破,小破,その他,その他,その他,その他,損傷なし,負傷,火,その他,44,阪神高速道路,走行車線－第二通行帯以上,その他,該当なし,平坦・該当なし,,3,該当なし,該当なし,該当なし,0,34.721609,135.530696,2019-03-05,07:50,blue
本票,大阪,高速道路交通警察隊,0147,負傷,0,3,51080,上,0000,125,昼－昼,晴,非市街地,舗装－乾燥,単路－その他,環状交差点以外 環状交差点以外をいう。,施設なし,対象外当事者,その他,対象外当事者,その他,単路－13.0m以上,直線－平坦,単路（交差点付近を含む）,規制なし,中央分離帯,区分なし,車両相互,55～64歳,45～54歳,貨物車－大型車,貨物車－中型車,事業用,事業用,貨物車,貨物車,80㎞／ｈ以下,80㎞／ｈ以下,前-無,前-後,中破,大破,その他,その他,その他,その他,損傷なし,負傷,火,その他,14,阪神高速道路,走行車線－第二通行帯以上,完全分離－その他,直線,平坦・該当なし,,4,該当なし,該当なし,該当なし,0,34.615356,135.436418,2019-03-05,14:47,blue
本票,大阪,高速道路交通警察隊,0172,負傷,0,2,44220,下,0000,213,昼－明,曇,非市街地,舗装－乾燥,単路－その他,環状交差点以外 環状交差点以外をいう。,施設なし,対象外当事者,その他,対象外当事者,その他,単路－9.0m以上,直線－平坦,単路（交差点付近を含む）,規制なし,中央分離帯,区分なし,車両相互,35～44歳,55～64歳,乗用車－普通車,乗用車－普通車,自家用,自家用,乗用車,乗用車,50㎞／ｈ以下,80㎞／ｈ以下,右前-無,左前-無,中破,中破,その他,その他,その他,その他,損傷なし,負傷,月,その他,669,西日本高速道路,走行車線－第一通行帯,完全分離－その他,直線,平坦・該当なし,,2,該当なし,該当なし,該当なし,0,34.363226,135.325915,2019-03-11,07:13,blue
本票,兵庫,高速道路交通警察隊,0123,負傷,0,1,45020,下,0315,109,昼－昼,晴,市街地－その他,舗装－乾燥,単路－その他,環状交差点以外 環状交差点以外をいう。,施設なし,対象外当事者,その他,対象外当事者,その他,単路－13.0m以上,直線－平坦,単路（交差点付近を含む）,規制なし,中央分離帯,区分あり－路側帯,車両相互,45～54歳,35～44歳,貨物車－大型車,貨物車－軽自動車,事業用,自家用,貨物車,貨物車,80㎞／ｈ以下,80㎞／ｈ以下,左前-無,右前-無,小破,大破,その他,その他,その他,その他,損傷なし,負傷,火,その他,305,西日本高速道路,走行車線－第一通行帯,完全分離－切土,直線,平坦・該当なし,,2,該当なし,該当なし,該当なし,0,34.839384,135.231762,2019-03-05,07:40,blue
本票,兵庫,高速道路交通警察隊,0142,負傷,0,1,50350,上,0795,224,昼－昼,晴,非市街地,舗装－乾燥,単路－橋,環状交差点以外 環状交差点以外をいう。,施設なし,対象外当事者,その他,対象外当事者,その他,単路－13.0m以上,直線－平坦,単路（交差点付近を含む）,規制なし,中央分離帯,区分あり－路側帯,車両相互,35～44歳,35～44歳,貨物車－中型車,乗用車－普通車,自家用,自家用,貨物車,乗用車,70㎞／ｈ以下,70㎞／ｈ以下,前-無,左前-無,小破,小破,その他,その他,その他,その他,損傷なし,負傷,木,その他,785,本・四高速道路,追越車線,完全分離－高架・橋梁,直線,平坦・該当なし,,2,該当なし,該当なし,該当なし,0,34.239051,134.651863,2019-02-14,15:10,blue
本票,兵庫,高速道路交通警察隊,0143,負傷,0,1,45010,上,0319,109,昼－昼,曇,非市街地,舗装－乾燥,単路－その他,環状交差点以外 環状交差点以外をいう。,施設なし,対象外当事者,その他,対象外当事者,その他,単路－13.0m以上,直線－平坦,単路（交差点付近を含む）,規制なし,中央分離帯,区分あり－路側帯,車両相互,25～34歳,45～54歳,乗用車－普通車,貨物車－普通車,自家用,自家用,乗用車,貨物車,50㎞／ｈ以下,50㎞／ｈ以下,前-無,右前-無,大破,損壊なし,その他,その他,その他,その他,負傷,損傷なし,日,その他,309,西日本高速道路,走行車線－第二通行帯以上,完全分離－盛土,直線,平坦・該当なし,,2,該当なし,該当なし,50㎞/h以下,0,34.843784,135.226508,2019-03-10,11:23,blue
本票,奈良,高速道路交通警察隊,0009,負傷,0,1,50010,上,0676,322,昼－昼,雨,非市街地,舗装－湿潤,単路－カーブ・屈折,環状交差点以外 環状交差点以外をいう。,施設なし,対象外当事者,その他,対象外当事者,その他,単路－13.0m以上,カーブ・屈折－右－下り,単路（交差点付近を含む）,規制なし,中央分離帯,区分あり－路側帯,車両相互,25～34歳,25～34歳,乗用車－普通車,乗用車－軽自動車,自家用,自家用,乗用車,乗用車,60㎞／ｈ以下,60㎞／ｈ以下,左前-右前,右前-右,小破,小破,その他,その他,その他,その他,損傷なし,負傷,木,その他,676,国土交通省,走行車線－第一通行帯,完全分離－その他,カーブ－1000m以上,上り・下り－３％以上,,3,該当なし,該当なし,該当なし,0,34.677218,136.034461,2019-02-28,13:12,blue
本票,鳥取,高速道路交通警察隊,0003,死亡,1,0,50030,下,3014,202,昼－昼,曇,非市街地,舗装－乾燥,単路－その他,環状交差点以外 環状交差点以外をいう。,施設なし,対象外当事者,その他,対象外当事者,その他,単路－9.0m以上,直線－平坦,単路（交差点付近を含む）,規制なし,中央線－ポストコーン,区分なし,車両相互,35～44歳,55～64歳,貨物車－大型車,乗用車－軽自動車,事業用,自家用,貨物車,乗用車,60㎞／ｈ以下,60㎞／ｈ以下,前-無,前-無,中破,大破,その他,その他,その他,その他,損傷なし,死亡,日,その他,3014,国土交通省,走行車線－第一通行帯,非分離－その他,直線,平坦・該当なし,,2,該当なし,該当なし,該当なし,0,35.417687,133.362439,2019-03-24,14:30,red
本票,徳島,高速道路交通警察隊,0002,死亡,1,0,46010,上,0263,206,昼－昼,雨,非市街地,舗装－湿潤,単路－その他,環状交差点以外 環状交差点以外をいう。,施設なし,対象外当事者,その他,対象外当事者,その他,単路－5.5m以上,直線－平坦,単路（交差点付近を含む）,規制なし,中央線－ポストコーン,区分なし,車両相互,55～64歳,35～44歳,貨物車－中型車,貨物車－軽自動車,事業用,自家用,貨物車,貨物車,70㎞／ｈ以下,70㎞／ｈ以下,左前-無,前-無,中破,大破,その他,その他,その他,その他,損傷なし,死亡,火,その他,263,西日本高速道路,走行車線－第一通行帯,非分離－トンネル出入り口部－トンネル間明かり部,直線,平坦－２％以上,,2,該当なし,該当なし,該当なし,0,34.110062,134.317364,2019-03-19,07:30,red
本票,愛媛,高速道路交通警察隊,0004,負傷,0,1,50050,上,0028,201,昼－昼,曇,市街地－その他,舗装－乾燥,単路－橋,環状交差点以外 環状交差点以外をいう。,施設なし,対象外当事者,その他,対象外当事者,その他,単路－9.0m以上,直線－平坦,単路（交差点付近を含む）,規制なし,中央分離帯,区分あり－路側帯,車両相互,0～24歳,25～34歳,乗用車－普通車,貨物車－普通車,自家用,自家用,乗用車,貨物車,60㎞／ｈ以下,60㎞／ｈ以下,前-後,前-前,中破,小破,その他,装備あり 作動,その他,その他,負傷,損傷なし,土,その他,28,国土交通省,走行車線－第一通行帯,完全分離－高架・橋梁,直線,平坦・該当なし,,3,該当なし,該当なし,60㎞/h以下,0,33.802529,132.774533,2019-03-23,16:19,blue
本票,福岡,高速道路交通警察隊,0552,負傷,0,2,47020,下,0888,217,昼－暮,雨,非市街地,舗装－湿潤,単路－その他,環状交差点以外 環状交差点以外をいう。,施設なし,対象外当事者,その他,対象外当事者,その他,単路－19.5m以上,直線－平坦,単路（交差点付近を含む）,規制なし,中央分離帯,区分あり－路側帯,車両相互,0～24歳,0～24歳,乗用車－普通車,乗用車－普通車,自家用,自家用,乗用車,乗用車,80㎞／ｈ以下,80㎞／ｈ以下,左前-無,右前-左後,小破,小破,その他,その他,その他,その他,損傷なし,負傷,日,その他,888,西日本高速道路,追越車線,完全分離－その他,直線,平坦・該当なし,,2,該当なし,あり－その他,80㎞/h以下,0,33.460560,130.530867,2019-03-03,18:05,blue
本票,大分,高速道路交通警察隊,0006,負傷,0,1,47130,上,1177,202,昼－昼,雨,非市街地,舗装－湿潤,単路－その他,環状交差点以外 環状交差点以外をいう。,施設なし,対象外当事者,その他,対象外当事者,その他,単路－9.0m以上,直線－平坦,その他,規制なし,中央分離帯,区分なし,車両相互,45～54歳,25～34歳,乗用車－大型車,乗用車－普通車,事業用,自家用,乗用車,乗用車,50㎞／ｈ以下,50㎞／ｈ以下,前-無,前-後,小破,小破,その他,その他,その他,その他,損傷なし,損傷なし,日,その他,1177,西日本高速道路,走行車線－第二通行帯以上,完全分離－切土,直線,平坦・該当なし,,3,該当なし,あり－その他,50㎞/h以下,0,33.255249,131.497839,2019-03-03,10:25,blue
本票,宮城,高速道路交通警察隊,0014,死亡,2,1,50120,下,0000,216,昼－昼,曇,非市街地,舗装－乾燥,単路－その他,環状交差点以外 環状交差点以外をいう。,施設なし,対象外当事者,その他,対象外当事者,その他,単路－9.0m以上,直線－平坦,単路（交差点付近を含む）,規制なし,中央線－ポストコーン,区分なし,車両相互,35～44歳,35～44歳,貨物車－中型車,乗用車－軽自動車,自家用,自家用,貨物車,乗用車,70㎞／ｈ以下,70㎞／ｈ以下,左前-無,前-無,中破,大破,装備あり 作動,装備あり 作動,その他,その他,負傷,死亡,月,その他,109,東日本高速道路,走行車線－第一通行帯,非分離－盛土,直線,平坦－１％未満,,3,該当なし,該当なし,該当なし,0,38.371522,140.899772,2019-04-01,13:40,red
本票,宮城,高速道路交通警察隊,0023,負傷,0,3,50030,上,0000,101,昼－暮,晴,非市街地,舗装－乾燥,単路－その他,環状交差点以外 環状交差点以外をいう。,施設なし,対象外当事者,その他,対象外当事者,その他,単路－13.0m以上,直線－平坦,単路（交差点付近を含む）,規制なし,中央分離帯,区分なし,車両相互,25～34歳,0～24歳,乗用車－普通車,乗用車－軽自動車,自家用,自家用,乗用車,乗用車,60㎞／ｈ以下,60㎞／ｈ以下,前-無,前-後,中破,小破,その他,その他,その他,その他,損傷なし,負傷,木,その他,16,国土交通省,走行車線－第一通行帯,完全分離－トンネル出入り口部－その他トンネル出入り口,直線,平坦・該当なし,,3,該当なし,該当なし,該当なし,0,38.263562,140.852182,2019-04-25,17:50,blue
本票,茨城,高速道路交通警察隊,0016,死亡,1,2,50050,上,0000,228,昼－昼,晴,非市街地,舗装－乾燥,単路－カーブ・屈折,環状交差点以外 環状交差点以外をいう。,施設なし,対象外当事者,その他,対象外当事者,その他,単路－9.0m以上,カーブ・屈折－左－平坦,単路（交差点付近を含む）,規制なし,中央線－ポストコーン,区分なし,車両相互,25～34歳,65～74歳,貨物車－中型車,貨物車－軽自動車,事業用,事業用,貨物車,貨物車,70㎞／ｈ以下,70㎞／ｈ以下,右前-前,右前-前,大破,大破,装備あり 作動,装備あり 作動,その他,その他,負傷,死亡,木,その他,1330,東日本高速道路,走行車線－第一通行帯,非分離－盛土,カーブ－1000m以上,平坦・該当なし,,3,該当なし,該当なし,70㎞/h以下,0,36.090911,139.878242,2019-04-04,11:00,red
本票,神奈川,高速道路交通警察隊,0156,負傷,0,1,42610,上,3020,151,昼－昼,晴,非市街地,舗装－乾燥,単路－その他,環状交差点以外 環状交差点以外をいう。,施設なし,対象外当事者,その他,対象外当事者,その他,単路－5.5m以上,直線－平坦,単路（交差点付近を含む）,規制なし,中央線－ポストコーン,区分なし,車両相互,65～74歳,45～54歳,乗用車－普通車,乗用車－軽自動車,自家用,自家用,乗用車,乗用車,40㎞／ｈ以下,40㎞／ｈ以下,前-無,前-無,中破,中破,その他,その他,その他,その他,損傷なし,負傷,火,その他,4800,中日本高速道路,ランプウェイ－入路,その他,該当なし,平坦・該当なし,,2,該当なし,該当なし,該当なし,0,35.615232,139.169690,2019-04-02,12:18,blue
本票,神奈川,高速道路交通警察隊,0174,負傷,0,5,42730,上,9111,215,昼－昼,晴,非市街地,舗装－乾燥,単路－その他,環状交差点以外 環状交差点以外をいう。,施設なし,対象外当事者,その他,対象外当事者,その他,単路－13.0m以上,直線－平坦,単路（交差点付近を含む）,規制なし,中央分離帯,区分あり－路側帯,車両相互,45～54歳,55～64歳,乗用車－普通車,乗用車－普通車,自家用,自家用,乗用車,乗用車,50㎞／ｈ以下,50㎞／ｈ以下,前-無,前-後,中破,中破,装備あり 作動,装備あり 作動,装備あり 作動,装備あり 作動,損傷なし,負傷,土,その他,106,中日本高速道路,走行車線－第一通行帯,その他,該当なし,平坦・該当なし,,3,該当なし,あり－渋滞,50㎞/h以下,0,35.434380,139.377020,2019-04-13,11:55,blue