資料区分,都道府県コード,警察署等コード,本票番号,事故内容,死者数,負傷者数,路線コード,上下線,地点コード,市区町村コード,昼夜,天候,地形,路面状態,道路形状,環状交差点の直径,信号機,一時停止規制　標識（当事者A）,一時停止規制　表示（当事者A）,一時停止規制　標識（当事者B）,一時停止規制　表示（当事者B）,車道幅員,道路線形,衝突地点,ゾーン規制,中央分離帯施設等,歩車道区分,事故類型,年齢（当事者A）,年齢（当事者B）,当事者種別（当事者A）,当事者種別（当事者B）,用途別（当事者A）,用途別（当事者B）,車両形状（当事者A）,車両形状（当事者B）,速度規制（指定のみ）（当事者A）,速度規制（指定のみ）（当事者B）,車両の衝突部位（当事者A）,車両の衝突部位（当事者B）,車両の損壊程度（当事者A）,車両の損壊程度（当事者B）,エアバッグの装備（当事者A）,エアバッグの装備（当事者B）,サイドエアバッグの装備（当事者A）,サイドエアバッグの装備（当事者B）,人身損傷程度（当事者A）,人身損傷程度（当事者B）,曜日(発生年月日),祝日(発生年月日),発生地点,道路管理者区分,道路区分,道路構造,曲線半径,縦断勾配,トンネル番号,当事者車両台数,車両単独事故の対象物,臨時速度規制の有無,速度規制（臨時のみ）,トンネル延長距離,緯度,経度,発生日,発生時,color
本票,神奈川,高速道路交通警察隊,0181,負傷,0,2,50070,上,0000,104,昼－昼,晴,非市街地,舗装－乾燥,単路－カーブ・屈折,環状交差点以外 環状交差点以外をいう。,施設なし,対象外当事者,その他,対象外当事者,その他,単路－13.0m以上,カーブ・屈折－左－平坦,単路（交差点付近を含む）,規制なし,中央分離帯,区分なし,車両相互,55～64歳,35～44歳,乗用車－普通車,乗用車－普通車,自家用,自家用,乗用車,乗用車,80㎞／ｈ以下,80㎞／ｈ以下,右前-無,左前-右前,中破,中破,装備あり 作動,その他,装備あり 作動,その他,損傷なし,負傷,木,その他,509,首都高速道路,追越車線,完全分離－その他,カーブ－700m以上,平坦・該当なし,,2,該当なし,該当なし,該当なし,0,35.413498,139.665169,2019-04-18,11:35,blue
本票,神奈川,高速道路交通警察隊,0185,負傷,0,2,50040,下,0000,101,昼－昼,晴,非市街地,舗装－乾燥,単路－その他,環状交差点以外 環状交差点以外をいう。,施設なし,対象外当事者,その他,対象外当事者,その他,単路－9.0m以上,直線－平坦,単路（交差点付近を含む）,規制なし,中央分離帯,区分あり－縁石・ブロック等,車両相互,25～34歳,45～54歳,乗用車－普通車,乗用車－軽自動車,自家用,自家用,乗用車,乗用車,60㎞／ｈ以下,60㎞／ｈ以下,左前-無,右前-右,小破,小破,その他,その他,その他,その他,損傷なし,負傷,土,その他,64,首都高速道路,走行車線－第一通行帯,完全分離－その他,直線,平坦・該当なし,,2,該当なし,該当なし,該当なし,0,35.503336,139.700410,2019-04-13,13:47,blue
本票,神奈川,高速道路交通警察隊,0195,負傷,0,1,51010,下,0000,112,昼－明,晴,非市街地,舗装－乾燥,単路－その他,環状交差点以外 環状交差点以外をいう。,施設なし,対象外当事者,その他,対象外当事者,その他,単路－13.0m以上,直線－平坦,単路（交差点付近を含む）,規制なし,中央分離帯,区分あり－路側帯,車両相互,55～64歳,35～44歳,貨物車－大型車,二輪車－自動二輪－軽二輪－126～250cc,事業用,自家用,貨物車,対象外当事者,80㎞／ｈ以下,80㎞／ｈ以下,前-無,前-無,小破,小破,その他,対象外当事者,その他,対象外当事者,損傷なし,負傷,月,その他,49,国土交通省,追越車線,完全分離－その他,直線,平坦・該当なし,,3,該当なし,該当なし,該当なし,0,35.476869,139.526036,2019-04-22,05:37,blue
本票,新潟,高速道路交通警察隊,0012,負傷,0,2,42020,下,1581,461,昼－明,雪,非市街地,舗装－湿潤,単路－その他,環状交差点以外 環状交差点以外をいう。,施設なし,対象外当事者,その他,対象外当事者,その他,単路－13.0m以上,直線－下り,単路（交差点付近を含む）,規制なし,中央分離帯,区分なし,車両相互,35～44歳,25～34歳,乗用車－普通車,乗用車－普通車,自家用,自家用,乗用車,乗用車,50㎞／ｈ以下,50㎞／ｈ以下,左前-無,右前-無,中破,損壊なし,装備あり 作動,その他,その他,その他,損傷なし,負傷,土,その他,1581,東日本高速道路,路肩,完全分離－その他,直線,上り・下り－４％以上,,2,該当なし,あり－異常気象,50㎞/h以下,0,36.866339,138.872494,2019-03-23,06:02,blue
本票,静岡,高速道路交通警察隊,0098,負傷,0,2,50060,対象外,0000,342,夜－夜,雨,非市街地,舗装－湿潤,単路－その他,環状交差点以外 環状交差点以外をいう。,施設なし,対象外当事者,その他,対象外当事者,その他,単路－5.5m以上,直線－平坦,単路（交差点付近を含む）,規制なし,中央分離帯,区分なし,車両相互,45～54歳,0～24歳,乗用車－普通車,貨物車－普通車,自家用,自家用,乗用車,貨物車,80㎞／ｈ以下,80㎞／ｈ以下,前-無,前-無,大破,大破,装備あり 作動,装備あり 作動,その他,その他,負傷,負傷,水,その他,1231,国土交通省,走行車線－第一通行帯,完全分離－その他,直線,平坦・該当なし,,2,該当なし,該当なし,80㎞/h以下,0,35.154078,138.889047,2019-04-10,23:16,blue
本票,愛知,高速道路交通警察隊,0179,負傷,0,1,42810,上,0000,221,昼－昼,曇,非市街地,舗装－乾燥,単路－トンネル,環状交差点以外 環状交差点以外をいう。,施設なし,対象外当事者,その他,対象外当事者,その他,単路－5.5m以上,直線－平坦,単路（交差点付近を含む）,規制なし,中央分離帯,区分なし,車両相互,25～34歳,45～54歳,乗用車－普通車,貨物車－普通車,自家用,自家用,乗用車,貨物車,50㎞／ｈ以下,50㎞／ｈ以下,前-無,前-後,小破,小破,その他,その他,その他,その他,損傷なし,負傷,水,その他,2073,中日本高速道路,走行車線－第一通行帯,完全分離－トンネル,直線,平坦・該当なし,嵐山,3,該当なし,あり－工事等,50㎞/h以下,775,34.921328,137.555281,2019-04-03,09:30,blue
本票,愛知,高速道路交通警察隊,0181,負傷,0,1,44120,下,0000,424,昼－昼,晴,市街地－その他,舗装－乾燥,単路－その他,環状交差点以外 環状交差点以外をいう。,施設なし,対象外当事者,その他,対象外当事者,その他,単路－9.0m以上,直線－平坦,単路（交差点付近を含む）,規制なし,中央分離帯,区分なし,車両相互,25～34歳,25～34歳,乗用車－普通車,貨物車－普通車,自家用,自家用,乗用車,貨物車,60㎞／ｈ以下,60㎞／ｈ以下,前-後,前-無,小破,小破,その他,その他,その他,その他,負傷,損傷なし,金,その他,265,中日本高速道路,追越車線,完全分離－その他,直線,平坦・該当なし,,3,該当なし,該当なし,該当なし,0,35.165961,136.817029,2019-04-12,17:05,blue
本票,愛知,高速道路交通警察隊,0189,負傷,0,2,51510,上,0000,106,昼－昼,雨,非市街地,舗装－湿潤,単路－その他,環状交差点以外 環状交差点以外をいう。,施設なし,対象外当事者,その他,対象外当事者,その他,単路－5.5m以上,直線－平坦,単路（交差点付近を含む）,規制なし,中央分離帯,区分なし,車両相互,45～54歳,45～54歳,乗用車－普通車,乗用車－普通車,自家用,自家用,乗用車,乗用車,60㎞／ｈ以下,60㎞／ｈ以下,前-無,前-後,小破,小破,その他,その他,その他,その他,損傷なし,負傷,水,その他,24,名古屋高速,走行車線－第二通行帯以上,完全分離－高架・橋梁,直線,平坦・該当なし,,3,該当なし,該当なし,該当なし,0,35.150071,136.909539,2019-04-17,15:25,blue
本票,愛知,高速道路交通警察隊,0191,負傷,0,2,44010,上,0000,203,昼－昼,雨,非市街地,舗装－湿潤,単路－その他,環状交差点以外 環状交差点以外をいう。,施設なし,対象外当事者,その他,対象外当事者,その他,単路－19.5m以上,直線－平坦,単路（交差点付近を含む）,規制なし,中央分離帯,区分なし,車両相互,75歳以上,35～44歳,乗用車－普通車,乗用車－普通車,自家用,自家用,乗用車,乗用車,50㎞／ｈ以下,50㎞／ｈ以下,前-無,前-後,小破,小破,その他,その他,その他,その他,損傷なし,負傷,水,その他,13,中日本高速道路,走行車線－第一通行帯,完全分離－盛土,直線,平坦－１％未満,,3,該当なし,あり－渋滞,50㎞/h以下,0,35.296429,136.777951,2019-04-17,14:35,blue
本票,愛知,高速道路交通警察隊,0201,負傷,0,1,42710,上,0000,219,夜－夜,雨,市街地－人口集中,舗装－湿潤,単路－その他,環状交差点以外 環状交差点以外をいう。,施設なし,対象外当事者,その他,対象外当事者,その他,単路－5.5m以上,直線－平坦,単路（交差点付近を含む）,規制なし,中央分離帯,区分なし,車両相互,25～34歳,45～54歳,貨物車－大型車,貨物車－中型車,事業用,事業用,貨物車,貨物車,指定の速度規制なし等,指定の速度規制なし等,前-無,前-無,小破,小破,その他,その他,その他,その他,損傷なし,負傷,水,その他,3403,中日本高速道路,走行車線－第一通行帯,完全分離－高架・橋梁,直線,平坦・該当なし,,2,該当なし,該当なし,該当なし,0,35.286047,136.973395,2019-04-24,03:05,blue
本票,愛知,高速道路交通警察隊,0202,負傷,0,2,44010,上,0000,203,昼－昼,雨,市街地－その他,舗装－湿潤,単路－その他,環状交差点以外 環状交差点以外をいう。,施設なし,対象外当事者,その他,対象外当事者,その他,単路－13.0m以上,直線－平坦,単路（交差点付近を含む）,規制なし,中央分離帯,区分あり－防護柵等,車両相互,0～24歳,45～54歳,貨物車－普通車,貨物車－普通車,自家用,自家用,貨物車,貨物車,50㎞／ｈ以下,50㎞／ｈ以下,前-無,前-後,小破,小破,その他,その他,その他,その他,損傷なし,負傷,水,その他,20,中日本高速道路,走行車線－第一通行帯,完全分離－高低分離,直線,平坦・該当なし,,3,該当なし,あり－渋滞,50㎞/h以下,0,35.301806,136.774815,2019-04-24,14:50,blue
本票,愛知,高速道路交通警察隊,0216,負傷,0,1,42720,下,0000,201,夜－夜,雨,非市街地,非舗装,単路－その他,環状交差点以外 環状交差点以外をいう。,施設なし,対象外当事者,その他,対象外当事者,その他,単路－13.0m以上,直線－平坦,単路（交差点付近を含む）,規制なし,中央分離帯,区分あり－路側帯,車両相互,35～44歳,25～34歳,貨物車－大型車,乗用車－普通車,事業用,自家用,貨物車,乗用車,指定の速度規制なし等,指定の速度規制なし等,左前-無,右前-無,中破,大破,その他,装備あり 作動,その他,その他,損傷なし,負傷,月,当日,2641,中日本高速道路,走行車線－第一通行帯,完全分離－盛土,直線,平坦・該当なし,,2,該当なし,該当なし,該当なし,0,34.846896,137.465620,2019-04-29,22:10,blue
本票,京都,高速道路交通警察隊,0029,負傷,0,1,42630,上,0000,109,昼－昼,晴,市街地－その他,舗装－乾燥,単路－その他,環状交差点以外 環状交差点以外をいう。,施設なし,対象外当事者,その他,対象外当事者,その他,単路－19.5m以上,直線－平坦,単路（交差点付近を含む）,規制なし,中央分離帯,区分なし,車両相互,65～74歳,55～64歳,貨物車－大型車,乗用車－普通車,事業用,自家用,貨物車,乗用車,80㎞／ｈ以下,80㎞／ｈ以下,左前-無,右前-左,小破,中破,その他,その他,その他,その他,損傷なし,負傷,木,その他,4880,西日本高速道路,走行車線－第二通行帯以上,完全分離－盛土,直線,平坦・該当なし,,2,該当なし,該当なし,該当なし,0,34.953423,135.744103,2019-04-18,12:10,blue
本票,大阪,高速道路交通警察隊,0196,負傷,0,1,52030,下,0000,127,昼－昼,曇,市街地－人口集中,舗装－乾燥,単路－その他,環状交差点以外 環状交差点以外をいう。,施設なし,対象外当事者,その他,対象外当事者,その他,単路－9.0m以上,直線－平坦,単路（交差点付近を含む）,規制なし,中央分離帯,区分なし,車両相互,35～44歳,55～64歳,貨物車－普通車,乗用車－軽自動車,自家用,自家用,貨物車,乗用車,60㎞／ｈ以下,60㎞／ｈ以下,前-無,前-無,小破,小破,その他,その他,その他,その他,損傷なし,負傷,木,その他,18,阪神高速道路,走行車線－第二通行帯以上,完全分離－その他,直線,平坦・該当なし,,2,該当なし,該当なし,該当なし,0,34.705553,135.515207,2019-03-28,11:15,blue
本票,大阪,高速道路交通警察隊,0210,負傷,0,2,44180,下,0000,227,昼－昼,晴,市街地－その他,舗装－乾燥,単路－その他,環状交差点以外 環状交差点以外をいう。,施設なし,対象外当事者,その他,対象外当事者,その他,単路－9.0m以上,直線－平坦,単路（交差点付近を含む）,規制なし,中央分離帯,区分なし,車両相互,45～54歳,35～44歳,貨物車－準中型車,乗用車－普通車,自家用,自家用,貨物車,乗用車,80㎞／ｈ以下,80㎞／ｈ以下,前-無,前-無,小破,小破,その他,その他,その他,その他,負傷,損傷なし,火,その他,155,西日本高速道路,走行車線－第二通行帯以上,完全分離－高架・橋梁,直線,平坦・該当なし,,2,該当なし,該当なし,該当なし,0,34.687686,135.594392,2019-04-02,08:22,blue
本票,大阪,高速道路交通警察隊,0228,負傷,0,2,51120,上,0000,107,昼－昼,雨,非市街地,舗装－乾燥,単路－その他,環状交差点以外 環状交差点以外をいう。,施設なし,対象外当事者,その他,対象外当事者,その他,単路－9.0m以上,直線－平坦,単路（交差点付近を含む）,規制なし,中央分離帯,区分なし,車両相互,55～64歳,35～44歳,貨物車－大型車,貨物車－準中型車,事業用,自家用,貨物車,貨物車,80㎞／ｈ以下,80㎞／ｈ以下,前-無,前-後,小破,大破,その他,装備あり 作動,その他,その他,損傷なし,負傷,火,その他,20,阪神高速道路,追越車線,完全分離－その他,直線,平坦・該当なし,,4,該当なし,該当なし,該当なし,0,34.649377,135.441134,2019-03-19,11:02,blue
本票,大阪,高速道路交通警察隊,0229,負傷,0,1,44180,下,0000,124,昼－昼,晴,非市街地,舗装－乾燥,単路－その他,環状交差点以外 環状交差点以外をいう。,施設なし,対象外当事者,その他,対象外当事者,その他,単路－9.0m以上,直線－平坦,単路（交差点付近を含む）,規制なし,中央分離帯,区分なし,車両相互,35～44歳,0～24歳,貨物車－大型車,乗用車－軽自動車,事業用,自家用,貨物車,乗用車,80㎞／ｈ以下,80㎞／ｈ以下,左前-左,右前-右,小破,中破,その他,その他,その他,その他,損傷なし,負傷,火,その他,135,西日本高速道路,走行車線－第一通行帯,完全分離－高架・橋梁,直線,平坦・該当なし,,2,該当なし,該当なし,80㎞/h以下,0,34.705136,135.592176,2019-03-12,16:30,blue
本票,大阪,高速道路交通警察隊,0245,負傷,0,1,52110,下,0000,107,昼－昼,晴,非市街地,舗装－乾燥,単路－その他,環状交差点以外 環状交差点以外をいう。,施設なし,対象外当事者,その他,対象外当事者,その他,単路－9.0m以上,直線－平坦,単路（交差点付近を含む）,規制なし,中央分離帯,区分なし,車両相互,25～34歳,25～34歳,乗用車－普通車,乗用車－普通車,自家用,自家用,乗用車,乗用車,60㎞／ｈ以下,60㎞／ｈ以下,前-無,前-後,中破,中破,装備あり 作動,その他,その他,その他,損傷なし,負傷,火,その他,80,阪神高速道路,走行車線－第一通行帯,完全分離－その他,該当なし,平坦・該当なし,,3,該当なし,該当なし,該当なし,0,34.649304,135.441069,2019-04-09,14:55,blue
本票,鳥取,高速道路交通警察隊,0005,死亡,1,0,50300,上,2633,371,昼－暮,雨,非市街地,舗装－湿潤,単路－その他,環状交差点以外 環状交差点以外をいう。,施設なし,対象外当事者,その他,対象外当事者,その他,単路－13.0m以上,直線－平坦,単路（交差点付近を含む）,規制なし,中央線－ポストコーン,区分なし,車両相互,25～34歳,55～64歳,貨物車－準中型車,乗用車－普通車,自家用,自家用,貨物車,乗用車,70㎞／ｈ以下,70㎞／ｈ以下,前-右前,前-右前,中破,大破,装備あり 作動,装備あり 作動,その他,その他,損傷なし,死亡,木,その他,2633,国土交通省,走行車線－第一通行帯,非分離－その他,直線,平坦・該当なし,,3,該当なし,該当なし,該当なし,0,35.498615,133.715388,2019-04-25,18:08,red
本票,広島,南,0164,負傷,0,1,54920,下,3459,104,昼－昼,晴,非市街地,舗装－乾燥,単路－その他,環状交差点以外 環状交差点以外をいう。,施設なし,対象外当事者,その他,対象外当事者,その他,単路－5.5m以上,直線－平坦,単路（交差点付近を含む）,規制なし,中央分離帯,区分あり－防護柵等,車両相互,45～54歳,0～24歳,乗用車－普通車,乗用車－軽自動車,自家用,自家用,乗用車,乗用車,60㎞／ｈ以下,60㎞／ｈ以下,前-後,前-無,中破,小破,その他,その他,その他,その他,負傷,損傷なし,水,その他,3459,国土交通省,加速車線,完全分離－切土,直線,平坦－１％未満,,3,該当なし,該当なし,該当なし,0,34.376119,132.376550,2019-04-03,07:40,blue
本票,福岡,高速道路交通警察隊,0563,負傷,0,1,51040,下,0048,132,夜－暮,晴,市街地－人口集中,舗装－乾燥,単路－その他,環状交差点以外 環状交差点以外をいう。,施設なし,対象外当事者,その他,対象外当事者,その他,単路－5.5m以上,直線－平坦,単路（交差点付近を含む）,規制なし,中央分離帯,区分なし,車両相互,45～54歳,25～34歳,乗用車－大型車,乗用車－軽自動車,事業用,自家用,乗用車,乗用車,60㎞／ｈ以下,60㎞／ｈ以下,左前-左,右前-右,小破,小破,その他,その他,その他,その他,損傷なし,負傷,金,その他,48,福岡・北九州高速,走行車線－第二通行帯以上,完全分離－高架・橋梁,直線,平坦・該当なし,,2,該当なし,該当なし,該当なし,0,33.584607,130.439735,2019-04-05,18:50,blue
本票,沖縄,交通機動隊,0017,負傷,0,3,50010,上,0000,212,夜－明,雨,市街地－人口集中,舗装－湿潤,単路－その他,環状交差点以外 環状交差点以外をいう。,施設なし,対象外当事者,その他,対象外当事者,その他,単路－19.5m以上,直線－平坦,単路（交差点付近を含む）,規制なし,中央分離帯,区分なし,車両相互,75歳以上,55～64歳,乗用車－普通車,貨物車－軽自動車,事業用,自家用,乗用車,貨物車,80㎞／ｈ以下,80㎞／ｈ以下,前-無,前-無,中破,小破,装備あり 作動,その他,その他,その他,損傷なし,負傷,金,その他,78,西日本高速道路,走行車線－第二通行帯以上,完全分離－高架・橋梁,直線,平坦－１％未満,,4,該当なし,該当なし,該当なし,0,26.174246,127.703613,2019-03-15,06:29,blue
本票,北海道（札幌方面）,高速道路交通警察隊,0021,負傷,0,3,40010,上,0000,571,昼－昼,晴,非市街地,舗装－積雪,単路－橋,環状交差点以外 環状交差点以外をいう。,施設なし,対象外当事者,その他,対象外当事者,その他,単路－9.0m以上,カーブ・屈折－右－下り,単路（交差点付近を含む）,規制なし,中央線－ポストコーン,区分あり－路側帯,車両相互,45～54歳,0～24歳,乗用車－普通車,乗用車－軽自動車,自家用,自家用,乗用車,乗用車,50㎞／ｈ以下,50㎞／ｈ以下,右前-左後,右前-無,小破,小破,装備あり 作動,装備あり 作動,その他,その他,負傷,損傷なし,日,その他,1667,東日本高速道路,走行車線－第一通行帯,非分離－高架・橋梁,カーブ－1000m以上,上り・下り－３％以上,,2,該当なし,あり－異常気象,50㎞/h以下,0,42.634202,140.573865,2019-03-24,12:15,blue
本票,岩手,高速道路交通警察隊,0018,死亡,1,1,41020,下,5368,214,夜－夜,晴,非市街地,舗装－乾燥,単路－カーブ・屈折,環状交差点以外 環状交差点以外をいう。,施設なし,対象外当事者,その他,対象外当事者,その他,単路－13.0m以上,カーブ・屈折－左－平坦,単路（交差点付近を含む）,規制なし,中央分離帯,区分なし,車両相互,25～34歳,25～34歳,乗用車－普通車,乗用車－軽自動車,自家用,自家用,乗用車,乗用車,指定の速度規制なし等,指定の速度規制なし等,右前-前,右前-前,大破,大破,装備あり 作動,装備あり 作動,その他,その他,負傷,死亡,土,当日,5368,東日本高速道路,減速車線,完全分離－その他,カーブ－500m以上,平坦－１％以上,,2,該当なし,該当なし,該当なし,0,39.912867,141.049930,2019-05-04,02:30,red
本票,岩手,高速道路交通警察隊,0020,負傷,0,2,41020,下,4215,209,昼－昼,晴,非市街地,舗装－乾燥,単路－トンネル,環状交差点以外 環状交差点以外をいう。,施設なし,対象外当事者,その他,対象外当事者,その他,単路－9.0m以上,直線－平坦,単路（交差点付近を含む）,規制なし,中央分離帯,区分なし,車両相互,45～54歳,25～34歳,乗用車－普通車,乗用車－普通車,自家用,自家用,乗用車,乗用車,80㎞／ｈ以下,80㎞／ｈ以下,前-無,前-無,小破,小破,その他,その他,その他,その他,損傷なし,負傷,金,当日,4215,東日本高速道路,走行車線－第一通行帯,完全分離－トンネル,該当なし,平坦・該当なし,一関,2,該当なし,該当なし,該当なし,1002,38.947777,141.104888,2019-05-03,09:50,blue
本票,宮城,高速道路交通警察隊,0030,負傷,0,4,50090,上,0000,103,昼－昼,晴,非市街地,舗装－乾燥,単路－その他,環状交差点以外 環状交差点以外をいう。,施設なし,対象外当事者,その他,対象外当事者,その他,単路－5.5m以上,直線－平坦,単路（交差点付近を含む）,規制なし,中央線－ポストコーン,区分なし,車両相互,45～54歳,55～64歳,貨物車－中型車,乗用車－普通車,事業用,自家用,貨物車,乗用車,70㎞／ｈ以下,70㎞／ｈ以下,右前-左前,右前-右後,大破,大破,装備あり 作動,装備あり 作動,その他,その他,負傷,負傷,金,その他,17,東日本高速道路,走行車線－第一通行帯,非分離－盛土,直線,平坦・該当なし,,3,該当なし,該当なし,該当なし,0,38.211801,140.917751,2019-05-17,09:37,blue
本票,宮城,高速道路交通警察隊,0033,負傷,0,1,50040,下,0000,101,昼－昼,晴,非市街地,舗装－乾燥,単路－トンネル,環状交差点以外 環状交差点以外をいう。,施設なし,対象外当事者,その他,対象外当事者,その他,単路－13.0m以上,直線－平坦,単路（交差点付近を含む）,規制なし,中央分離帯,区分なし,車両相互,45～54歳,75歳以上,貨物車－大型車,貨物車－軽自動車,自家用,自家用,貨物車,貨物車,60㎞／ｈ以下,60㎞／ｈ以下,左前-左,右前-右,小破,小破,その他,その他,その他,その他,負傷,損傷なし,木,その他,7,国土交通省,走行車線－第二通行帯以上,完全分離－トンネル,直線,平坦－１％未満,張碓,2,該当なし,該当なし,該当なし,340,38.261524,140.859419,2019-05-16,09:20,blue
本票,福島,高速道路交通警察隊,0019,死亡,1,6,42120,上,2016,541,昼－明,晴,非市街地,舗装－乾燥,単路－その他,環状交差点以外 環状交差点以外をいう。,施設なし,対象外当事者,その他,対象外当事者,その他,単路－9.0m以上,直線－平坦,単路（交差点付近を含む）,規制なし,中央分離帯,区分なし,車両相互,0～24歳,45～54歳,乗用車－普通車,乗用車－普通車,自家用,自家用,乗用車,乗用車,70㎞／ｈ以下,70㎞／ｈ以下,右前-前,右前-右,大破,中破,装備あり 作動,装備あり 作動,その他,その他,死亡,負傷,木,当日,2016,東日本高速道路,走行車線－第一通行帯,完全分離－その他,直線,平坦・該当なし,,2,該当なし,該当なし,該当なし,0,37.233791,140.981270,2019-05-02,04:57,red
本票,東京,高速道路交通警察隊,0274,負傷,0,1,50350,上,0000,205,昼－昼,曇,非市街地,舗装－乾燥,単路－トンネル,環状交差点以外 環状交差点以外をいう。,施設なし,対象外当事者,その他,対象外当事者,その他,単路－5.5m以上,直線－平坦,単路（交差点付近を含む）,規制なし,中央分離帯,区分なし,車両相互,45～54歳,45～54歳,貨物車－大型車,乗用車－普通車,事業用,自家用,貨物車,乗用車,80㎞／ｈ以下,80㎞／ｈ以下,前-後,前-後,小破,中破,その他,その他,その他,その他,損傷なし,損傷なし,木,当日,529,東日本高速道路,追越車線,完全分離－トンネル,直線,平坦・該当なし,定内,4,該当なし,該当なし,該当なし,2360,35.765896,139.288359,2019-05-02,09:05,blue
本票,東京,高速道路交通警察隊,0277,負傷,0,4,50290,上,0000,109,昼－昼,晴,市街地－人口集中,舗装－乾燥,単路－その他,環状交差点以外 環状交差点以外をいう。,施設なし,対象外当事者,その他,対象外当事者,その他,単路－9.0m以上,直線－平坦,単路（交差点付近を含む）,規制なし,中央分離帯,区分なし,車両相互,25～34歳,25～34歳,貨物車－中型車,貨物車－普通車,自家用,自家用,貨物車,貨物車,60㎞／ｈ以下,60㎞／ｈ以下,前-無,前-後,小破,小破,その他,その他,その他,その他,損傷なし,負傷,木,その他,0,首都高速道路,走行車線－第一通行帯,完全分離－その他,直線,平坦・該当なし,,3,該当なし,該当なし,該当なし,0,35.608756,139.752901,2019-04-04,10:09,blue
本票,埼玉,高速道路交通警察隊,0147,負傷,0,3,50310,上,0000,203,昼－昼,晴,市街地－人口集中,舗装－乾燥,単路－その他,環状交差点以外 環状交差点以外をいう。,施設なし,対象外当事者,その他,対象外当事者,その他,単路－5.5m以上,直線－平坦,単路（交差点付近を含む）,規制なし,中央分離帯,区分なし,車両相互,35～44歳,25～34歳,乗用車－普通車,貨物車－普通車,自家用,自家用,乗用車,貨物車,80㎞／ｈ以下,80㎞／ｈ以下,前-後,前-無,小破,小破,その他,その他,その他,その他,負傷,損傷なし,土,その他,88,首都高速道路,走行車線－第二通行帯以上,完全分離－高架・橋梁,直線,平坦－１％未満,,3,該当なし,該当なし,該当なし,0,35.833553,139.756405,2019-04-20,08:00,blue
本票,埼玉,高速道路交通警察隊,0155,負傷,0,2,50330,上,0000,240,昼－昼,曇,非市街地,舗装－乾燥,単路－その他,環状交差点以外 環状交差点以外をいう。,施設なし,対象外当事者,その他,対象外当事者,その他,単路－9.0m以上,直線－平坦,単路（交差点付近を含む）,規制なし,中央分離帯,区分なし,車両相互,35～44歳,55～64歳,貨物車－大型車,貨物車－普通車,事業用,自家用,貨物車,貨物車,70㎞／ｈ以下,70㎞／ｈ以下,右前-左前,左前-前,小破,大破,その他,装備あり 作動,その他,その他,損傷なし,負傷,月,その他,1111,東日本高速道路,走行車線－第二通行帯以上,完全分離－その他,直線,平坦－１％未満,,3,該当なし,該当なし,該当なし,0,36.062886,139.716407,2019-04-08,16:07,blue
本票,千葉,高速道路交通警察隊,0095,負傷,0,2,42340,下,0000,219,夜－夜,雨,非市街地,舗装－乾燥,一般交通の場所,環状交差点以外 環状交差点以外をいう。,施設なし,対象外当事者,その他,対象外当事者,その他,一般交通の場所,一般交通の場所,その他,規制なし,一般交通の場所,区分なし,車両相互,25～34歳,45～54歳,乗用車－普通車,乗用車－普通車,自家用,自家用,乗用車,乗用車,指定の速度規制なし等,指定の速度規制なし等,右前-無,左前-無,小破,中破,その他,その他,その他,その他,損傷なし,負傷,火,当日,0,東日本高速道路,サービスエリア,その他,該当なし,平坦・該当なし,,2,該当なし,該当なし,該当なし,0,35.459327,140.086087,2019-04-30,23:17,blue
本票,神奈川,高速道路交通警察隊,0210,負傷,0,1,51030,下,0000,106,昼－昼,晴,非市街地,舗装－乾燥,単路－その他,環状交差点以外 環状交差点以外をいう。,施設なし,対象外当事者,その他,対象外当事者,その他,単路－13.0m以上,直線－平坦,単路（交差点付近を含む）,規制なし,中央分離帯,区分なし,車両相互,25～34歳,45～54歳,乗用車－普通車,乗用車－普通車,自家用,自家用,乗用車,乗用車,70㎞／ｈ以下,70㎞／ｈ以下,右前-無,左前-無,小破,小破,その他,その他,その他,その他,損傷なし,負傷,火,その他,23,東日本高速道路,追越車線,完全分離－盛土,該当なし,平坦・該当なし,,2,該当なし,該当なし,該当なし,0,35.436589,139.581864,2019-04-23,13:10,blue
本票,神奈川,高速道路交通警察隊,0215,負傷,0,3,50030,上,0000,131,昼－昼,晴,非市街地,舗装－乾燥,単路－その他,環状交差点以外 環状交差点以外をいう。,施設なし,対象外当事者,その他,対象外当事者,その他,単路－13.0m以上,直線－平坦,単路（交差点付近を含む）,規制なし,中央分離帯,区分なし,車両相互,45～54歳,25～34歳,乗用車－普通車,乗用車－普通車,自家用,自家用,乗用車,乗用車,60㎞／ｈ以下,60㎞／ｈ以下,前-無,前-無,中破,中破,装備あり 作動,装備あり 作動,その他,その他,損傷なし,損傷なし,土,その他,25,首都高速道路,走行車線－第二通行帯以上,完全分離－高架・橋梁,該当なし,平坦・該当なし,,5,該当なし,該当なし,該当なし,0,35.523471,139.732428,2019-05-11,14:34,blue