資料区分,都道府県コード,警察署等コード,本票番号,事故内容,死者数,負傷者数,路線コード,上下線,地点コード,市区町村コード,昼夜,天候,地形,路面状態,道路形状,環状交差点の直径,信号機,一時停止規制　標識（当事者A）,一時停止規制　表示（当事者A）,一時停止規制　標識（当事者B）,一時停止規制　表示（当事者B）,車道幅員,道路線形,衝突地点,ゾーン規制,中央分離帯施設等,歩車道区分,事故類型,年齢（当事者A）,年齢（当事者B）,当事者種別（当事者A）,当事者種別（当事者B）,用途別（当事者A）,用途別（当事者B）,車両形状（当事者A）,車両形状（当事者B）,速度規制（指定のみ）（当事者A）,速度規制（指定のみ）（当事者B）,車両の衝突部位（当事者A）,車両の衝突部位（当事者B）,車両の損壊程度（当事者A）,車両の損壊程度（当事者B）,エアバッグの装備（当事者A）,エアバッグの装備（当事者B）,サイドエアバッグの装備（当事者A）,サイドエアバッグの装備（当事者B）,人身損傷程度（当事者A）,人身損傷程度（当事者B）,曜日(発生年月日),祝日(発生年月日),発生地点,道路管理者区分,道路区分,道路構造,曲線半径,縦断勾配,トンネル番号,当事者車両台数,車両単独事故の対象物,臨時速度規制の有無,速度規制（臨時のみ）,トンネル延長距離,緯度,経度,発生日,発生時,color
本票,愛知,高速道路交通警察隊,0359,負傷,0,1,42720,下,0000,115,昼－昼,雨,市街地－その他,舗装－湿潤,単路－その他,環状交差点以外 環状交差点以外をいう。,施設なし,対象外当事者,その他,対象外当事者,その他,単路－5.5m以上,直線－平坦,単路（交差点付近を含む）,規制なし,中央分離帯,区分あり－防護柵等,車両相互,25～34歳,25～34歳,乗用車－普通車,貨物車－軽自動車,自家用,自家用,乗用車,貨物車,40㎞／ｈ以下,40㎞／ｈ以下,前-後,前-無,小破,小破,その他,その他,その他,その他,負傷,損傷なし,木,その他,3253,中日本高速道路,ランプウェイ－出路 減速車線（減速車線のない場合は本線車道）から一般道路に至るまでの部分をいう（料金所付近を除く。）。,その他,該当なし,平坦・該当なし,,3,該当なし,該当なし,該当なし,0,35.171304,137.022756,2019-07-11,16:45,blue
本票,愛知,高速道路交通警察隊,0366,負傷,0,4,51110,上,0000,107,昼－昼,雨,市街地－人口集中,舗装－湿潤,単路－その他,環状交差点以外 環状交差点以外をいう。,施設なし,対象外当事者,その他,対象外当事者,その他,単路－5.5m以上,直線－平坦,単路（交差点付近を含む）,規制なし,中央分離帯,区分なし,車両相互,35～44歳,45～54歳,貨物車－普通車,貨物車－普通車,自家用,自家用,貨物車,貨物車,60㎞／ｈ以下,60㎞／ｈ以下,前-無,前-後,小破,小破,その他,その他,その他,その他,損傷なし,負傷,月,その他,2,名古屋高速,追越車線,完全分離－高架・橋梁,直線,平坦・該当なし,,3,該当なし,該当なし,該当なし,0,35.149249,136.917284,2019-07-22,08:35,blue
本票,愛知,高速道路交通警察隊,0372,負傷,0,4,42640,下,0000,203,昼－昼,晴,非市街地,舗装－乾燥,単路－その他,環状交差点以外 環状交差点以外をいう。,施設なし,対象外当事者,その他,対象外当事者,その他,単路－13.0m以上,直線－平坦,単路（交差点付近を含む）,規制なし,中央線－ペイント,区分なし,車両相互,35～44歳,25～34歳,貨物車－準中型車,貨物車－軽自動車,事業用,自家用,貨物車,貨物車,40㎞／ｈ以下,40㎞／ｈ以下,前-無,前-後,小破,小破,その他,その他,その他,その他,損傷なし,負傷,金,その他,3551,中日本高速道路,その他,その他,該当なし,平坦・該当なし,,3,該当なし,該当なし,該当なし,0,35.273471,136.827279,2019-07-26,06:45,blue
本票,愛知,高速道路交通警察隊,0374,負傷,0,1,42710,上,0000,202,昼－昼,晴,非市街地,舗装－乾燥,単路－その他,環状交差点以外 環状交差点以外をいう。,施設なし,対象外当事者,その他,対象外当事者,その他,単路－5.5m以上,直線－平坦,単路（交差点付近を含む）,規制なし,中央分離帯,区分あり－路側帯,車両相互,45～54歳,25～34歳,貨物車－大型車,乗用車－軽自動車,事業用,自家用,貨物車,乗用車,50㎞／ｈ以下,50㎞／ｈ以下,前-無,前-後,小破,小破,その他,その他,その他,その他,損傷なし,負傷,水,その他,2931,中日本高速道路,走行車線－第一通行帯,完全分離－その他,直線,平坦・該当なし,,3,該当なし,あり－工事等,50㎞/h以下,0,34.941536,137.200293,2019-07-17,10:55,blue
本票,愛知,高速道路交通警察隊,0380,負傷,0,2,42820,下,0000,222,昼－昼,晴,非市街地,舗装－乾燥,単路－その他,環状交差点以外 環状交差点以外をいう。,施設なし,対象外当事者,その他,対象外当事者,その他,単路－9.0m以上,直線－平坦,単路（交差点付近を含む）,規制なし,中央分離帯,区分なし,車両相互,45～54歳,45～54歳,乗用車－普通車,乗用車－普通車,自家用,自家用,乗用車,乗用車,80㎞／ｈ以下,80㎞／ｈ以下,前-無,前-後,小破,小破,その他,その他,その他,その他,損傷なし,負傷,土,その他,304,中日本高速道路,追越車線,完全分離－高架・橋梁,直線,平坦・該当なし,,3,該当なし,該当なし,該当なし,0,35.051776,136.894436,2019-07-13,09:15,blue
本票,愛知,高速道路交通警察隊,0384,負傷,0,4,42630,上,0000,203,昼－昼,晴,市街地－その他,舗装－乾燥,単路－その他,環状交差点以外 環状交差点以外をいう。,施設なし,対象外当事者,その他,対象外当事者,その他,単路－13.0m以上,直線－平坦,単路（交差点付近を含む）,規制なし,中央分離帯,区分あり－路側帯,車両相互,45～54歳,55～64歳,乗用車－普通車,乗用車－普通車,自家用,自家用,乗用車,乗用車,50㎞／ｈ以下,50㎞／ｈ以下,前-無,前-後,小破,小破,その他,その他,その他,その他,損傷なし,損傷なし,水,その他,3571,中日本高速道路,走行車線－第一通行帯,完全分離－盛土,直線,平坦・該当なし,,4,該当なし,あり－渋滞,50㎞/h以下,0,35.278031,136.805760,2019-07-31,08:25,blue
本票,三重,高速道路交通警察隊,0096,負傷,0,1,44120,下,0000,205,昼－昼,晴,非市街地,舗装－乾燥,単路－その他,環状交差点以外 環状交差点以外をいう。,施設なし,対象外当事者,その他,対象外当事者,その他,単路－13.0m以上,直線－平坦,単路（交差点付近を含む）,規制なし,中央分離帯,区分なし,車両相互,35～44歳,45～54歳,乗用車－普通車,乗用車－普通車,自家用,自家用,乗用車,乗用車,80㎞／ｈ以下,80㎞／ｈ以下,前-無,前-後,小破,小破,その他,その他,その他,その他,損傷なし,負傷,木,その他,4412,中日本高速道路,追越車線,完全分離－その他,直線,平坦・該当なし,,3,該当なし,該当なし,該当なし,0,35.115510,136.703200,2019-07-25,08:44,blue
本票,大阪,高速道路交通警察隊,0430,負傷,0,1,44220,下,0000,208,昼－昼,晴,非市街地,舗装－乾燥,単路－カーブ・屈折,環状交差点以外 環状交差点以外をいう。,施設なし,対象外当事者,その他,対象外当事者,その他,単路－3.5m以上,カーブ・屈折－右－下り,単路（交差点付近を含む）,規制なし,中央分離なし,区分なし,車両相互,25～34歳,45～54歳,貨物車－準中型車,乗用車－普通車,事業用,自家用,貨物車,乗用車,40㎞／ｈ以下,40㎞／ｈ以下,右前-無,右前-無,小破,中破,その他,その他,その他,その他,損傷なし,負傷,金,その他,600,西日本高速道路,ランプウェイ－出路 減速車線（減速車線のない場合は本線車道）から一般道路に至るまでの部分をいう（料金所付近を除く。）。,その他,該当なし,平坦・該当なし,,2,該当なし,該当なし,該当なし,0,34.396471,135.389849,2019-07-12,15:13,blue
本票,大阪,高速道路交通警察隊,0434,負傷,0,2,42630,上,0000,203,昼－昼,雨,非市街地,舗装－湿潤,単路－カーブ・屈折,環状交差点以外 環状交差点以外をいう。,施設なし,対象外当事者,その他,対象外当事者,その他,単路－5.5m以上,カーブ・屈折－左－平坦,単路（交差点付近を含む）,規制なし,中央分離帯,区分なし,車両相互,0～24歳,25～34歳,乗用車－普通車,乗用車－軽自動車,自家用,自家用,乗用車,乗用車,40㎞／ｈ以下,40㎞／ｈ以下,前-無,前-無,大破,大破,装備あり 作動,装備あり 作動,その他,装備あり 作動,損傷なし,負傷,水,その他,0,西日本高速道路,走行車線－第一通行帯,完全分離－盛土,カーブ－1000m以上,平坦・該当なし,,3,該当なし,該当なし,該当なし,0,34.753225,135.464646,2019-06-26,16:35,blue
本票,大阪,高速道路交通警察隊,0439,負傷,0,1,51090,上,0000,217,昼－昼,雨,非市街地,舗装－湿潤,単路－その他,環状交差点以外 環状交差点以外をいう。,施設なし,対象外当事者,その他,対象外当事者,その他,単路－5.5m以上,直線－平坦,単路（交差点付近を含む）,規制なし,中央分離なし,区分なし,車両相互,0～24歳,25～34歳,乗用車－普通車,貨物車－普通車,自家用,自家用,乗用車,貨物車,40㎞／ｈ以下,40㎞／ｈ以下,前-無,前-後,小破,小破,その他,その他,その他,その他,損傷なし,損傷なし,木,その他,0,阪神高速道路,ジャンクション,その他,該当なし,平坦・該当なし,,3,該当なし,該当なし,該当なし,0,34.588818,135.574666,2019-07-11,15:22,blue
本票,大阪,高速道路交通警察隊,0442,負傷,0,4,51050,上,0000,122,昼－昼,晴,非市街地,舗装－湿潤,単路－その他,環状交差点以外 環状交差点以外をいう。,施設なし,対象外当事者,その他,対象外当事者,その他,単路－13.0m以上,直線－平坦,単路（交差点付近を含む）,規制なし,中央分離なし,区分なし,車両相互,0～24歳,35～44歳,貨物車－準中型車,貨物車－軽自動車,自家用,自家用,貨物車,貨物車,60㎞／ｈ以下,60㎞／ｈ以下,前-無,前-後,小破,小破,その他,その他,その他,その他,損傷なし,負傷,金,その他,52,阪神高速道路,走行車線－第二通行帯以上,その他,該当なし,平坦・該当なし,,4,該当なし,該当なし,該当なし,0,34.633498,135.486075,2019-07-26,08:55,blue
本票,広島,高速道路交通警察隊,0049,負傷,0,2,54110,上,2449,205,夜－夜,雨,非市街地,舗装－湿潤,単路－トンネル,環状交差点以外 環状交差点以外をいう。,施設なし,対象外当事者,その他,対象外当事者,その他,単路－5.5m以上,直線－下り,単路（交差点付近を含む）,規制なし,中央分離帯,区分なし,車両相互,45～54歳,25～34歳,乗用車－軽自動車,乗用車－軽自動車,自家用,自家用,乗用車,乗用車,60㎞／ｈ以下,60㎞／ｈ以下,前-無,前-無,大破,大破,装備あり 作動,装備あり 作動,その他,その他,負傷,負傷,土,その他,2449,国土交通省,走行車線－第二通行帯以上,完全分離－トンネル,直線,上り・下り－３％以上,薮田宇波,3,該当なし,該当なし,該当なし,321,34.443889,133.227221,2019-07-13,22:59,blue
本票,広島,栗山,0116,負傷,0,2,54910,上,3515,213,昼－昼,晴,市街地－その他,舗装－乾燥,単路－その他,環状交差点以外 環状交差点以外をいう。,施設なし,対象外当事者,その他,対象外当事者,その他,単路－13.0m以上,直線－平坦,単路（交差点付近を含む）,規制なし,中央分離帯,区分なし,車両相互,45～54歳,35～44歳,乗用車－普通車,乗用車－普通車,自家用,自家用,乗用車,乗用車,指定の速度規制なし等,指定の速度規制なし等,右前-無,左前-無,小破,小破,その他,その他,その他,その他,損傷なし,負傷,土,その他,3515,国土交通省,追越車線,完全分離－高架・橋梁,該当なし,平坦・該当なし,,2,該当なし,該当なし,該当なし,0,34.361546,132.329532,2019-07-06,15:00,blue
本票,福岡,高速道路交通警察隊,0630,負傷,0,1,47020,下,0805,221,昼－昼,晴,市街地－人口集中,舗装－乾燥,単路－その他,環状交差点以外 環状交差点以外をいう。,施設なし,対象外当事者,その他,対象外当事者,その他,単路－13.0m以上,直線－平坦,単路（交差点付近を含む）,規制なし,中央分離帯,区分なし,車両相互,25～34歳,45～54歳,貨物車－大型車,乗用車－軽自動車,事業用,自家用,貨物車,乗用車,指定の速度規制なし等,指定の速度規制なし等,右前-右,左前-左後,小破,中破,その他,その他,その他,その他,損傷なし,負傷,木,その他,805,西日本高速道路,走行車線－第二通行帯以上,完全分離－その他,直線,平坦・該当なし,,2,該当なし,該当なし,該当なし,0,33.527287,130.496173,2019-06-27,16:35,blue
本票,福岡,高速道路交通警察隊,1037,負傷,0,1,47010,上,0509,224,昼－昼,雨,非市街地,舗装－湿潤,単路－その他,環状交差点以外 環状交差点以外をいう。,施設なし,対象外当事者,その他,対象外当事者,その他,単路－9.0m以上,直線－平坦,単路（交差点付近を含む）,規制なし,中央分離帯,区分なし,車両相互,0～24歳,25～34歳,乗用車－普通車,貨物車－普通車,自家用,自家用,乗用車,貨物車,50㎞／ｈ以下,50㎞／ｈ以下,前-左前,前-右後,中破,中破,装備あり 作動,その他,その他,その他,負傷,損傷なし,木,その他,509,西日本高速道路,走行車線－第一通行帯,完全分離－盛土,直線,平坦・該当なし,,2,該当なし,該当なし,該当なし,0,33.749298,130.551537,2019-06-27,07:30,blue
本票,福岡,高速道路交通警察隊,1038,負傷,0,1,47010,上,0509,224,昼－昼,雨,非市街地,舗装－湿潤,単路－その他,環状交差点以外 環状交差点以外をいう。,施設なし,対象外当事者,その他,対象外当事者,その他,単路－13.0m以上,直線－上り,単路（交差点付近を含む）,規制なし,中央分離帯,区分あり－路側帯,車両相互,45～54歳,25～34歳,乗用車－普通車,貨物車－普通車,自家用,自家用,乗用車,貨物車,80㎞／ｈ以下,80㎞／ｈ以下,右前-右後,左前-左,小破,小破,その他,その他,その他,その他,負傷,損傷なし,水,その他,509,福岡・北九州高速,走行車線－第二通行帯以上,完全分離－盛土,直線,上り・下り－３％以上,,2,該当なし,該当なし,50㎞/h以下,0,33.749349,130.551419,2019-07-10,18:28,blue
本票,福岡,高速道路交通警察隊,1049,負傷,0,3,47010,上,0224,107,夜－夜,晴,市街地－その他,舗装－乾燥,単路－その他,環状交差点以外 環状交差点以外をいう。,施設なし,対象外当事者,その他,対象外当事者,その他,単路－9.0m以上,直線－下り,単路（交差点付近を含む）,規制なし,中央分離帯,区分なし,車両相互,25～34歳,0～24歳,乗用車－普通車,貨物車－軽自動車,自家用,自家用,乗用車,貨物車,指定の速度規制なし等,指定の速度規制なし等,前-右前,前-右前,大破,大破,その他,装備あり 作動,その他,その他,負傷,負傷,日,その他,224,西日本高速道路,走行車線－第二通行帯以上,完全分離－その他,直線,上り・下り－３％以上,,2,該当なし,該当なし,該当なし,0,33.809029,130.831617,2019-04-07,04:39,blue
本票,長崎,高速道路交通警察隊,0024,負傷,0,2,50020,下,0270,202,昼－昼,曇,市街地－その他,舗装－湿潤,単路－カーブ・屈折,環状交差点以外 環状交差点以外をいう。,施設なし,対象外当事者,その他,対象外当事者,その他,単路－5.5m以上,カーブ・屈折－右－平坦,単路（交差点付近を含む）,規制なし,中央線－ポストコーン,区分なし,車両相互,0～24歳,55～64歳,乗用車－軽自動車,乗用車－軽自動車,自家用,自家用,乗用車,乗用車,70㎞／ｈ以下,70㎞／ｈ以下,右前-左前,前-左前,大破,大破,装備あり 作動,装備あり 作動,その他,その他,損傷なし,負傷,木,その他,270,西日本高速道路,走行車線－第一通行帯,非分離－高架・橋梁,カーブ－700m以上,平坦・該当なし,,2,該当なし,該当なし,該当なし,0,33.157524,129.729380,2019-07-18,10:23,blue
本票,沖縄,交通機動隊,0027,負傷,0,1,50020,上,0000,350,昼－昼,晴,非市街地,舗装－乾燥,単路－その他,環状交差点以外 環状交差点以外をいう。,施設なし,対象外当事者,その他,対象外当事者,その他,単路－5.5m以上,直線－平坦,単路（交差点付近を含む）,規制なし,中央分離帯,区分あり－路側帯,車両相互,25～34歳,25～34歳,乗用車－普通車,貨物車－普通車,自家用,自家用,乗用車,貨物車,80㎞／ｈ以下,80㎞／ｈ以下,右前-無,左前-無,小破,小破,その他,その他,その他,その他,損傷なし,負傷,水,その他,34,西日本高速道路,走行車線－第二通行帯以上,完全分離－その他,直線,平坦・該当なし,,2,該当なし,該当なし,該当なし,0,26.191379,127.738974,2019-06-12,11:15,blue
本票,北海道（札幌方面）,高速道路交通警察隊,0037,負傷,0,1,40130,上,0000,224,昼－暮,晴,非市街地,舗装－乾燥,単路－その他,環状交差点以外 環状交差点以外をいう。,施設なし,対象外当事者,その他,対象外当事者,その他,単路－3.5m以上,直線－平坦,単路（交差点付近を含む）,ゾーン30,中央線－チャッターバー等,区分なし,車両相互,45～54歳,25～34歳,乗用車－普通車,乗用車－普通車,自家用,自家用,乗用車,乗用車,70㎞／ｈ以下,70㎞／ｈ以下,右前-無,左前-無,中破,中破,その他,装備あり 作動,その他,その他,損傷なし,負傷,土,その他,204,東日本高速道路,走行車線－第一通行帯,非分離－開放部,直線,平坦・該当なし,,2,該当なし,該当なし,70㎞/h以下,0,42.892978,141.803416,2019-08-03,18:45,blue
本票,山形,高速道路交通警察隊,0008,負傷,0,1,41410,上,0752,202,夜－夜,曇,非市街地,舗装－湿潤,単路－その他,環状交差点以外 環状交差点以外をいう。,施設なし,対象外当事者,その他,対象外当事者,その他,単路－9.0m以上,直線－平坦,単路（交差点付近を含む）,規制なし,中央線－ポストコーン,区分あり－路側帯,車両相互,55～64歳,25～34歳,貨物車－大型車,乗用車－普通車,事業用,自家用,貨物車,乗用車,70㎞／ｈ以下,70㎞／ｈ以下,右前-無,前-無,小破,中破,その他,その他,その他,その他,損傷なし,負傷,土,その他,752,国土交通省,走行車線－第一通行帯,非分離－その他,該当なし,平坦－２％以上,,2,該当なし,該当なし,該当なし,0,37.882417,140.177167,2019-07-20,23:10,blue
本票,東京,高速道路交通警察隊,0471,負傷,0,5,50300,下,0000,122,昼－昼,晴,市街地－人口集中,舗装－乾燥,単路－その他,環状交差点以外 環状交差点以外をいう。,施設なし,対象外当事者,その他,対象外当事者,その他,単路－9.0m以上,直線－平坦,単路（交差点付近を含む）,規制なし,中央分離帯,区分なし,車両相互,35～44歳,0～24歳,貨物車－準中型車,貨物車－普通車,事業用,自家用,貨物車,貨物車,60㎞／ｈ以下,60㎞／ｈ以下,前-後,前-無,中破,中破,その他,その他,その他,その他,負傷,損傷なし,土,その他,0,首都高速道路,走行車線－第一通行帯,完全分離－その他,直線,平坦－１％以上,,4,該当なし,該当なし,該当なし,0,35.714964,139.850254,2019-08-24,13:30,blue
本票,東京,高速道路交通警察隊,0486,負傷,0,2,50130,上,0000,112,昼－昼,晴,市街地－人口集中,舗装－乾燥,単路－その他,環状交差点以外 環状交差点以外をいう。,施設なし,対象外当事者,その他,対象外当事者,その他,単路－13.0m以上,直線－平坦,単路（交差点付近を含む）,規制なし,中央分離帯,区分なし,車両相互,55～64歳,35～44歳,乗用車－普通車,乗用車－軽自動車,自家用,自家用,乗用車,乗用車,60㎞／ｈ以下,60㎞／ｈ以下,前-無,前-後,小破,小破,その他,その他,その他,その他,損傷なし,負傷,金,その他,0,首都高速道路,走行車線－第二通行帯以上,完全分離－その他,直線,平坦・該当なし,,3,該当なし,あり－その他,60㎞/h以下,0,35.670409,139.651419,2019-08-02,13:20,blue
本票,茨城,高速道路交通警察隊,0041,負傷,0,1,42120,下,0000,203,昼－昼,曇,非市街地,舗装－乾燥,単路－その他,環状交差点以外 環状交差点以外をいう。,施設なし,対象外当事者,その他,対象外当事者,その他,単路－13.0m以上,直線－平坦,単路（交差点付近を含む）,規制なし,中央分離帯,区分あり－路側帯,車両相互,25～34歳,45～54歳,貨物車－中型車,乗用車－普通車,自家用,自家用,貨物車,乗用車,指定の速度規制なし等,指定の速度規制なし等,右前-右,右前-無,大破,大破,その他,その他,その他,その他,損傷なし,負傷,木,その他,364,東日本高速道路,追越車線,完全分離－盛土,直線,平坦・該当なし,,3,該当なし,該当なし,該当なし,0,36.040488,140.140095,2019-07-25,12:25,blue
本票,栃木,高速道路交通警察隊,0035,負傷,0,1,41020,下,1280,211,昼－昼,曇,市街地－人口集中,舗装－乾燥,単路－その他,環状交差点以外 環状交差点以外をいう。,施設なし,対象外当事者,その他,対象外当事者,その他,単路－9.0m以上,直線－平坦,単路（交差点付近を含む）,規制なし,中央分離帯,区分あり－路側帯,車両相互,0～24歳,45～54歳,乗用車－普通車,二輪車－自動二輪－小型二輪－251～400cc,自家用,自家用,乗用車,対象外当事者,指定の速度規制なし等,指定の速度規制なし等,前-無,前-無,中破,小破,その他,対象外当事者,その他,対象外当事者,損傷なし,負傷,月,その他,1280,東日本高速道路,走行車線－第二通行帯以上,完全分離－その他,直線,平坦・該当なし,,2,該当なし,該当なし,該当なし,0,36.829288,139.905311,2019-08-26,13:30,blue
本票,埼玉,高速道路交通警察隊,0244,負傷,0,2,50330,上,0000,232,昼－昼,曇,非市街地,舗装－乾燥,単路－その他,環状交差点以外 環状交差点以外をいう。,施設なし,対象外当事者,その他,対象外当事者,その他,単路－5.5m以上,直線－平坦,単路（交差点付近を含む）,規制なし,中央分離帯,区分なし,車両相互,55～64歳,35～44歳,貨物車－大型車,貨物車－中型車,事業用,事業用,貨物車,貨物車,70㎞／ｈ以下,20㎞／ｈ以下,前-無,前-後,小破,小破,その他,その他,その他,その他,損傷なし,負傷,月,その他,1105,東日本高速道路,走行車線－第一通行帯,完全分離－その他,直線,平坦－１％未満,,3,該当なし,該当なし,該当なし,0,36.059991,139.697798,2019-07-29,14:55,blue
本票,埼玉,高速道路交通警察隊,0259,負傷,0,2,41020,下,0000,203,昼－昼,曇,市街地－その他,舗装－乾燥,単路－その他,環状交差点以外 環状交差点以外をいう。,施設なし,対象外当事者,その他,対象外当事者,その他,単路－9.0m以上,直線－平坦,単路（交差点付近を含む）,規制なし,中央分離帯,区分あり－路側帯,車両相互,55～64歳,45～54歳,貨物車－大型車,乗用車－普通車,事業用,自家用,貨物車,乗用車,指定の速度規制なし等,指定の速度規制なし等,左前-無,右前-右,小破,中破,その他,その他,その他,その他,損傷なし,負傷,金,その他,7,東日本高速道路,走行車線－第一通行帯,完全分離－盛土,直線,平坦－１％未満,,2,該当なし,該当なし,該当なし,0,35.857590,139.734244,2019-08-09,16:45,blue
本票,神奈川,高速道路交通警察隊,0362,負傷,0,3,50030,上,0000,101,昼－昼,晴,非市街地,舗装－乾燥,単路－その他,環状交差点以外 環状交差点以外をいう。,施設なし,対象外当事者,その他,対象外当事者,その他,単路－5.5m以上,直線－平坦,単路（交差点付近を含む）,規制なし,中央分離帯,区分あり－防護柵等,車両相互,35～44歳,55～64歳,貨物車－普通車,貨物車－普通車,自家用,自家用,貨物車,貨物車,60㎞／ｈ以下,60㎞／ｈ以下,前-無,前-後,小破,小破,その他,その他,その他,その他,損傷なし,負傷,月,その他,81,首都高速道路,追越車線,完全分離－その他,該当なし,平坦・該当なし,,3,該当なし,該当なし,該当なし,0,35.495989,139.682722,2019-08-05,10:44,blue
本票,神奈川,高速道路交通警察隊,0404,負傷,0,1,42710,上,8325,215,昼－昼,晴,非市街地,舗装－乾燥,単路－その他,環状交差点以外 環状交差点以外をいう。,施設なし,対象外当事者,その他,対象外当事者,その他,単路－13.0m以上,直線－平坦,単路（交差点付近を含む）,規制なし,中央分離帯,区分なし,車両相互,25～34歳,55～64歳,乗用車－普通車,二輪車－自動二輪－小型二輪－751ｃｃ以上,自家用,自家用,乗用車,対象外当事者,指定の速度規制なし等,指定の速度規制なし等,右前-右,前-左,小破,小破,その他,対象外当事者,その他,対象外当事者,損傷なし,負傷,日,その他,315,中日本高速道路,加速車線,完全分離－切土,直線,平坦・該当なし,,2,該当なし,該当なし,該当なし,0,35.430486,139.398846,2019-08-18,14:32,blue
本票,長野,高速道路交通警察隊,0037,負傷,0,1,42680,下,0170,215,昼－昼,晴,非市街地,舗装－乾燥,単路－その他,環状交差点以外 環状交差点以外をいう。,施設なし,対象外当事者,その他,対象外当事者,その他,単路－9.0m以上,直線－平坦,単路（交差点付近を含む）,規制なし,中央分離帯,区分あり－路側帯,車両相互,0～24歳,45～54歳,乗用車－普通車,乗用車－普通車,自家用,自家用,乗用車,乗用車,80㎞／ｈ以下,80㎞／ｈ以下,右前-無,左前-左後,小破,小破,その他,その他,その他,その他,損傷なし,負傷,土,前日,170,中日本高速道路,追越車線,完全分離－その他,直線,平坦・該当なし,,3,該当なし,該当なし,該当なし,0,36.167083,137.957913,2019-08-10,07:55,blue
本票,静岡,高速道路交通警察隊,0238,負傷,0,3,42810,上,0000,135,昼－昼,晴,非市街地,舗装－乾燥,単路－その他,環状交差点以外 環状交差点以外をいう。,施設なし,対象外当事者,その他,対象外当事者,その他,単路－9.0m以上,直線－平坦,単路（交差点付近を含む）,規制なし,中央分離帯,区分なし,車両相互,35～44歳,25～34歳,乗用車－普通車,乗用車－普通車,自家用,自家用,乗用車,乗用車,100㎞/h以下,100㎞/h以下,前-無,前-後,小破,小破,その他,その他,その他,その他,損傷なし,負傷,日,当日,1975,中日本高速道路,追越車線,完全分離－その他,直線,平坦・該当なし,,4,該当なし,該当なし,該当なし,0,34.878452,137.664535,2019-08-11,14:20,blue
本票,静岡,高速道路交通警察隊,0258,負傷,0,3,50050,上,0000,203,昼－昼,雨,非市街地,舗装－湿潤,単路－その他,環状交差点以外 環状交差点以外をいう。,施設なし,対象外当事者,その他,対象外当事者,その他,単路－5.5m以上,直線－平坦,単路（交差点付近を含む）,規制なし,中央分離帯,区分なし,車両相互,0～24歳,35～44歳,貨物車－準中型車,貨物車－準中型車,自家用,自家用,貨物車,貨物車,40㎞／ｈ以下,40㎞／ｈ以下,前-無,前-無,大破,大破,その他,その他,その他,その他,負傷,負傷,金,その他,1258,国土交通省,走行車線－第一通行帯,完全分離－盛土,直線,平坦・該当なし,,2,該当なし,該当なし,該当なし,0,35.140464,138.864517,2019-08-23,16:16,blue
本票,福井,高速道路交通警察隊,0020,負傷,0,2,50020,下,0023,322,昼－昼,晴,非市街地,舗装－乾燥,単路－トンネル,環状交差点以外 環状交差点以外をいう。,施設なし,対象外当事者,その他,対象外当事者,その他,単路－5.5m以上,直線－平坦,単路（交差点付近を含む）,規制なし,中央線－ポストコーン,区分なし,車両相互,0～24歳,0～24歳,乗用車－普通車,乗用車－軽自動車,自家用,自家用,乗用車,乗用車,70㎞／ｈ以下,70㎞／ｈ以下,前-後,前-無,小破,小破,その他,装備あり 作動,その他,装備あり 作動,負傷,損傷なし,月,その他,23,国土交通省,走行車線－第一通行帯,非分離－トンネル,直線,平坦－１％未満,小出,3,該当なし,該当なし,該当なし,1151,36.080580,136.301885,2019-07-29,17:55,blue
本票,福井,高速道路交通警察隊,0022,負傷,0,1,50010,上,9300,322,昼－昼,雨,非市街地,舗装－湿潤,単路－トンネル,環状交差点以外 環状交差点以外をいう。,施設なし,対象外当事者,その他,対象外当事者,その他,単路－9.0m以上,カーブ・屈折－右－平坦,単路（交差点付近を含む）,規制なし,中央線－ポストコーン,区分なし,車両相互,65～74歳,35～44歳,貨物車－中型車,乗用車－普通車,自家用,自家用,貨物車,乗用車,70㎞／ｈ以下,70㎞／ｈ以下,右前-無,右前-無,中破,大破,その他,装備あり 作動,その他,その他,損傷なし,負傷,木,その他,93,国土交通省,走行車線－第一通行帯,非分離－トンネル,カーブ－1000m以上,平坦－１％未満,焼山,2,該当なし,該当なし,該当なし,936,36.075307,136.370264,2019-07-18,18:10,blue
本票,愛知,高速道路交通警察隊,0388,負傷,0,3,51110,上,0000,107,昼－昼,晴,市街地－人口集中,舗装－乾燥,単路－その他,環状交差点以外 環状交差点以外をいう。,施設なし,対象外当事者,その他,対象外当事者,その他,単路－9.0m以上,直線－平坦,単路（交差点付近を含む）,規制なし,中央分離帯,区分なし,車両相互,55～64歳,0～24歳,乗用車－普通車,乗用車－軽自動車,自家用,自家用,乗用車,乗用車,60㎞／ｈ以下,60㎞／ｈ以下,前-無,前-後,小破,小破,その他,その他,その他,その他,損傷なし,負傷,木,その他,3,名古屋高速,追越車線,完全分離－その他,直線,平坦・該当なし,,4,該当なし,該当なし,該当なし,0,35.149157,136.917299,2019-08-01,09:35,blue