資料区分,都道府県コード,警察署等コード,本票番号,事故内容,死者数,負傷者数,路線コード,上下線,地点コード,市区町村コード,昼夜,天候,地形,路面状態,道路形状,環状交差点の直径,信号機,一時停止規制　標識（当事者A）,一時停止規制　表示（当事者A）,一時停止規制　標識（当事者B）,一時停止規制　表示（当事者B）,車道幅員,道路線形,衝突地点,ゾーン規制,中央分離帯施設等,歩車道区分,事故類型,年齢（当事者A）,年齢（当事者B）,当事者種別（当事者A）,当事者種別（当事者B）,用途別（当事者A）,用途別（当事者B）,車両形状（当事者A）,車両形状（当事者B）,速度規制（指定のみ）（当事者A）,速度規制（指定のみ）（当事者B）,車両の衝突部位（当事者A）,車両の衝突部位（当事者B）,車両の損壊程度（当事者A）,車両の損壊程度（当事者B）,エアバッグの装備（当事者A）,エアバッグの装備（当事者B）,サイドエアバッグの装備（当事者A）,サイドエアバッグの装備（当事者B）,人身損傷程度（当事者A）,人身損傷程度（当事者B）,曜日(発生年月日),祝日(発生年月日),発生地点,道路管理者区分,道路区分,道路構造,曲線半径,縦断勾配,トンネル番号,当事者車両台数,車両単独事故の対象物,臨時速度規制の有無,速度規制（臨時のみ）,トンネル延長距離,緯度,経度,発生日,発生時,color
本票,愛知,高速道路交通警察隊,0402,負傷,0,4,44120,下,0000,206,昼－昼,晴,市街地－その他,舗装－乾燥,単路－その他,環状交差点以外 環状交差点以外をいう。,施設なし,対象外当事者,その他,対象外当事者,その他,単路－13.0m以上,直線－平坦,単路（交差点付近を含む）,規制なし,中央分離帯,区分あり－路側帯,車両相互,0～24歳,45～54歳,乗用車－普通車,貨物車－軽自動車,自家用,事業用,乗用車,貨物車,指定の速度規制なし等,指定の速度規制なし等,前-後,前-無,小破,小破,その他,装備あり 作動,その他,その他,負傷,損傷なし,月,その他,124,中日本高速道路,追越車線,完全分離－切土,直線,平坦・該当なし,,3,該当なし,該当なし,該当なし,0,35.229954,136.926613,2019-08-05,08:10,blue
本票,愛知,高速道路交通警察隊,0416,負傷,0,1,42610,上,0000,219,夜－夜,晴,非市街地,舗装－乾燥,単路－その他,環状交差点以外 環状交差点以外をいう。,施設なし,対象外当事者,その他,対象外当事者,その他,単路－19.5m以上,直線－平坦,単路（交差点付近を含む）,規制なし,中央分離帯,区分なし,車両相互,35～44歳,25～34歳,乗用車－普通車,乗用車－普通車,自家用,自家用,乗用車,乗用車,80㎞／ｈ以下,指定の速度規制なし等,前-前,左前-無,小破,小破,その他,その他,その他,その他,損傷なし,負傷,金,その他,3377,中日本高速道路,走行車線－第一通行帯,完全分離－切土,直線,平坦－１％未満,,2,該当なし,該当なし,80㎞/h以下,0,35.324763,137.023146,2019-08-09,23:45,blue
本票,愛知,高速道路交通警察隊,0417,負傷,0,2,42820,下,0000,222,昼－明,晴,非市街地,舗装－乾燥,単路－その他,環状交差点以外 環状交差点以外をいう。,施設なし,対象外当事者,その他,対象外当事者,その他,単路－9.0m以上,直線－平坦,単路（交差点付近を含む）,規制なし,中央分離帯,区分あり－防護柵等,車両相互,35～44歳,35～44歳,乗用車－大型車,乗用車－普通車,事業用,自家用,乗用車,乗用車,指定の速度規制なし等,指定の速度規制なし等,前-無,前-後,小破,小破,その他,その他,その他,その他,損傷なし,負傷,土,前日,304,中日本高速道路,追越車線,完全分離－その他,直線,平坦－１％未満,,4,該当なし,該当なし,該当なし,0,35.052191,136.884598,2019-08-10,05:55,blue
本票,愛知,高速道路交通警察隊,0423,負傷,0,1,42630,上,0000,203,昼－昼,晴,市街地－その他,舗装－乾燥,単路－その他,環状交差点以外 環状交差点以外をいう。,施設なし,対象外当事者,その他,対象外当事者,その他,単路－9.0m以上,直線－平坦,単路（交差点付近を含む）,規制なし,中央分離帯,区分あり－防護柵等,車両相互,45～54歳,0～24歳,乗用車－中型車,乗用車－普通車,自家用,自家用,乗用車,乗用車,50㎞／ｈ以下,50㎞／ｈ以下,前-無,前-後,小破,小破,その他,その他,その他,その他,損傷なし,損傷なし,日,その他,3578,中日本高速道路,走行車線－第一通行帯,完全分離－盛土,直線,平坦・該当なし,,3,該当なし,あり－渋滞,50㎞/h以下,0,35.279551,136.797960,2019-08-04,16:52,blue
本票,愛知,高速道路交通警察隊,0424,負傷,0,6,42810,上,0000,202,昼－昼,晴,非市街地,舗装－乾燥,単路－その他,環状交差点以外 環状交差点以外をいう。,施設なし,対象外当事者,その他,対象外当事者,その他,単路－5.5m以上,直線－平坦,単路（交差点付近を含む）,規制なし,中央分離帯,区分なし,車両相互,35～44歳,45～54歳,乗用車－普通車,乗用車－普通車,自家用,自家用,乗用車,乗用車,指定の速度規制なし等,指定の速度規制なし等,前-無,前-後,小破,小破,その他,その他,その他,その他,損傷なし,損傷なし,日,当日,2314,中日本高速道路,追越車線,完全分離－盛土,直線,平坦・該当なし,,4,該当なし,該当なし,該当なし,0,34.903392,137.310721,2019-08-11,10:00,blue
本票,愛知,高速道路交通警察隊,0426,負傷,0,3,42820,下,0000,222,昼－昼,晴,非市街地,舗装－乾燥,単路－その他,環状交差点以外 環状交差点以外をいう。,施設なし,対象外当事者,その他,対象外当事者,その他,単路－13.0m以上,直線－平坦,単路（交差点付近を含む）,規制なし,中央分離帯,区分なし,車両相互,35～44歳,45～54歳,乗用車－普通車,乗用車－普通車,自家用,自家用,乗用車,乗用車,80㎞／ｈ以下,80㎞／ｈ以下,前-無,前-後,小破,小破,その他,その他,その他,その他,損傷なし,損傷なし,月,当日,305,中日本高速道路,追越車線,完全分離－盛土,直線,平坦・該当なし,,5,該当なし,該当なし,該当なし,0,35.051794,136.893944,2019-08-12,06:45,blue
本票,愛知,高速道路交通警察隊,0437,負傷,0,1,42820,下,0000,222,昼－暮,晴,非市街地,舗装－乾燥,単路－その他,環状交差点以外 環状交差点以外をいう。,施設なし,対象外当事者,その他,対象外当事者,その他,単路－13.0m以上,直線－平坦,単路（交差点付近を含む）,規制なし,中央分離帯,区分あり－防護柵等,車両相互,45～54歳,55～64歳,貨物車－準中型車,乗用車－普通車,事業用,自家用,貨物車,乗用車,80㎞／ｈ以下,指定の速度規制なし等,左前-無,前-後,小破,小破,その他,その他,その他,その他,損傷なし,損傷なし,日,当日,301,中日本高速道路,走行車線－第二通行帯以上,完全分離－その他,直線,平坦・該当なし,,3,該当なし,該当なし,該当なし,0,35.051624,136.898245,2019-08-11,17:55,blue
本票,愛知,高速道路交通警察隊,0439,負傷,0,1,44010,上,0000,203,昼－昼,晴,市街地－その他,舗装－乾燥,単路－その他,環状交差点以外 環状交差点以外をいう。,施設なし,対象外当事者,その他,対象外当事者,その他,単路－9.0m以上,直線－平坦,単路（交差点付近を含む）,規制なし,中央分離帯,区分あり－防護柵等,車両相互,0～24歳,0～24歳,乗用車－普通車,乗用車－普通車,自家用,自家用,乗用車,乗用車,50㎞／ｈ以下,50㎞／ｈ以下,前-無,前-後,小破,小破,その他,その他,その他,その他,損傷なし,負傷,土,前日,5,中日本高速道路,走行車線－第一通行帯,完全分離－高低分離,直線,平坦・該当なし,,3,該当なし,あり－渋滞,50㎞/h以下,0,35.289253,136.780467,2019-08-10,16:35,blue
本票,愛知,高速道路交通警察隊,0451,負傷,0,1,44120,下,0000,235,昼－昼,晴,市街地－その他,舗装－乾燥,単路－その他,環状交差点以外 環状交差点以外をいう。,施設なし,対象外当事者,その他,対象外当事者,その他,単路－13.0m以上,直線－平坦,単路（交差点付近を含む）,規制なし,中央分離帯,区分あり－縁石・ブロック等,車両相互,35～44歳,0～24歳,乗用車－普通車,乗用車－軽自動車,自家用,自家用,乗用車,乗用車,80㎞／ｈ以下,80㎞／ｈ以下,前-後,前-無,小破,小破,その他,その他,その他,その他,負傷,損傷なし,金,その他,396,中日本高速道路,追越車線,完全分離－盛土,直線,平坦・該当なし,,3,該当なし,該当なし,該当なし,0,35.118375,136.708399,2019-07-26,07:53,blue
本票,愛知,高速道路交通警察隊,0452,負傷,0,5,42820,下,0000,114,昼－昼,晴,非市街地,舗装－乾燥,単路－その他,環状交差点以外 環状交差点以外をいう。,施設なし,対象外当事者,その他,対象外当事者,その他,単路－9.0m以上,直線－平坦,単路（交差点付近を含む）,規制なし,中央分離帯,区分あり－防護柵等,車両相互,65～74歳,35～44歳,乗用車－普通車,乗用車－普通車,自家用,自家用,乗用車,乗用車,指定の速度規制なし等,指定の速度規制なし等,前-無,前-後,小破,小破,その他,その他,その他,その他,損傷なし,損傷なし,土,前日,250,中日本高速道路,追越車線,完全分離－その他,直線,平坦・該当なし,,2,該当なし,該当なし,該当なし,0,35.047358,136.949174,2019-08-10,06:15,blue
本票,京都,高速道路交通警察隊,0057,負傷,0,1,54010,上,0000,213,夜－明,曇,非市街地,舗装－乾燥,単路－カーブ・屈折,環状交差点以外 環状交差点以外をいう。,施設なし,対象外当事者,その他,対象外当事者,その他,単路－9.0m以上,カーブ・屈折－左－下り,単路（交差点付近を含む）,規制なし,中央線－ポストコーン,区分あり－路側帯,車両相互,65～74歳,55～64歳,乗用車－普通車,乗用車－軽自動車,自家用,自家用,乗用車,乗用車,70㎞／ｈ以下,70㎞／ｈ以下,前-無,前-無,小破,小破,装備あり 作動,装備あり 作動,その他,その他,負傷,損傷なし,金,その他,559,西日本高速道路,走行車線－第一通行帯,非分離－高架・橋梁,カーブ－400m以上,上り・下り－３％以上,,2,該当なし,該当なし,50㎞/h以下,0,35.130676,135.457970,2019-06-21,03:49,blue
本票,大阪,高速道路交通警察隊,0522,負傷,0,2,51090,上,0000,121,昼－暮,晴,市街地－人口集中,舗装－乾燥,単路－その他,環状交差点以外 環状交差点以外をいう。,施設なし,対象外当事者,その他,対象外当事者,その他,単路－5.5m以上,直線－平坦,単路（交差点付近を含む）,規制なし,中央分離帯,区分なし,車両相互,35～44歳,35～44歳,乗用車－普通車,乗用車－軽自動車,自家用,自家用,乗用車,乗用車,60㎞／ｈ以下,60㎞／ｈ以下,前-無,前-無,小破,小破,その他,その他,その他,その他,損傷なし,負傷,木,その他,40,阪神高速道路,走行車線－第一通行帯,完全分離－その他,直線,平坦・該当なし,,2,該当なし,該当なし,該当なし,0,34.628477,135.525219,2019-08-22,17:45,blue
本票,大阪,高速道路交通警察隊,0524,負傷,0,1,44180,下,0000,227,昼－昼,晴,市街地－その他,舗装－乾燥,単路－その他,環状交差点以外 環状交差点以外をいう。,施設なし,対象外当事者,その他,対象外当事者,その他,単路－9.0m以上,直線－平坦,単路（交差点付近を含む）,規制なし,中央分離帯,区分なし,車両相互,0～24歳,35～44歳,乗用車－普通車,乗用車－普通車,自家用,自家用,乗用車,乗用車,80㎞／ｈ以下,80㎞／ｈ以下,左前-無,右前-無,小破,小破,その他,その他,その他,その他,損傷なし,損傷なし,金,その他,143,西日本高速道路,走行車線－第二通行帯以上,その他,該当なし,平坦・該当なし,,3,該当なし,該当なし,該当なし,0,34.701899,135.592013,2019-08-02,17:45,blue
本票,鳥取,高速道路交通警察隊,0011,負傷,0,5,50030,下,3009,202,昼－昼,晴,非市街地,舗装－乾燥,単路－橋,環状交差点以外 環状交差点以外をいう。,施設なし,対象外当事者,その他,対象外当事者,その他,単路－5.5m以上,直線－平坦,単路（交差点付近を含む）,規制なし,中央線－ポストコーン,区分あり－防護柵等,車両相互,35～44歳,35～44歳,貨物車－中型車,乗用車－普通車,事業用,自家用,貨物車,乗用車,60㎞／ｈ以下,60㎞／ｈ以下,前-無,前-後,小破,小破,その他,その他,その他,その他,損傷なし,負傷,木,その他,3009,国土交通省,走行車線－第一通行帯,非分離－高架・橋梁,直線,平坦・該当なし,,4,該当なし,該当なし,該当なし,0,35.418166,133.367236,2019-08-01,09:30,blue
本票,鳥取,高速道路交通警察隊,0013,負傷,0,1,50310,上,2721,371,夜－夜,曇,非市街地,舗装－乾燥,単路－その他,環状交差点以外 環状交差点以外をいう。,施設なし,対象外当事者,その他,対象外当事者,その他,単路－5.5m以上,直線－平坦,単路（交差点付近を含む）,規制なし,中央線－ポストコーン,区分あり－路側帯,車両相互,35～44歳,0～24歳,貨物車－普通車,乗用車－軽自動車,自家用,自家用,貨物車,乗用車,70㎞／ｈ以下,70㎞／ｈ以下,前-無,前-無,小破,中破,装備あり 作動,その他,その他,その他,負傷,損傷なし,木,その他,2721,国土交通省,走行車線－第一通行帯,非分離－盛土,直線,平坦・該当なし,,2,該当なし,該当なし,該当なし,0,35.509128,133.635082,2019-08-22,20:20,blue
本票,岡山,高速道路交通警察隊,0029,負傷,0,2,45110,上,0000,216,昼－昼,晴,非市街地,舗装－乾燥,単路－その他,環状交差点以外 環状交差点以外をいう。,施設なし,対象外当事者,その他,対象外当事者,その他,単路－3.5m以上,直線－平坦,単路（交差点付近を含む）,規制なし,中央分離帯,区分あり－路側帯,車両相互,55～64歳,35～44歳,乗用車－普通車,乗用車－普通車,自家用,自家用,乗用車,乗用車,指定の速度規制なし等,指定の速度規制なし等,前-無,前-後,小破,小破,その他,その他,その他,その他,損傷なし,負傷,月,当日,1715,西日本高速道路,追越車線,完全分離－その他,直線,平坦－２％以上,,3,該当なし,該当なし,該当なし,0,34.552409,133.596593,2019-08-12,16:43,blue
本票,山口,高速道路交通警察隊,0062,死亡,1,1,45010,上,4991,213,夜－夜,雨,非市街地,舗装－湿潤,単路－カーブ・屈折,環状交差点以外 環状交差点以外をいう。,施設なし,対象外当事者,その他,対象外当事者,その他,単路－9.0m以上,カーブ・屈折－右－下り,単路（交差点付近を含む）,規制なし,中央分離帯,区分あり－路側帯,車両相互,45～54歳,45～54歳,貨物車－大型車,貨物車－普通車,事業用,自家用,貨物車,貨物車,80㎞／ｈ以下,80㎞／ｈ以下,前-無,前-左,小破,大破,その他,その他,その他,その他,損傷なし,負傷,水,その他,4991,西日本高速道路,走行車線－第一通行帯,完全分離－その他,カーブ－700m以上,上り・下り－３％以上,,2,該当なし,あり－その他,80㎞/h以下,0,34.164196,131.241269,2019-08-28,20:23,red
本票,福岡,高速道路交通警察隊,0659,負傷,0,3,51030,上,0054,132,昼－昼,晴,市街地－人口集中,舗装－乾燥,単路－その他,環状交差点以外 環状交差点以外をいう。,施設なし,対象外当事者,その他,対象外当事者,その他,単路－13.0m以上,直線－平坦,単路（交差点付近を含む）,規制なし,中央分離帯,区分なし,車両相互,35～44歳,55～64歳,乗用車－普通車,貨物車－軽自動車,自家用,自家用,乗用車,貨物車,60㎞／ｈ以下,60㎞／ｈ以下,右前-左前,前-後,小破,小破,その他,その他,その他,その他,損傷なし,負傷,木,その他,54,福岡・北九州高速,走行車線－第一通行帯,完全分離－その他,直線,平坦・該当なし,,3,該当なし,該当なし,60㎞/h以下,0,33.580454,130.443626,2019-07-25,18:05,blue
本票,福岡,高速道路交通警察隊,1048,負傷,0,1,47010,上,0418,226,夜－明,晴,市街地－その他,舗装－乾燥,単路－その他,環状交差点以外 環状交差点以外をいう。,施設なし,対象外当事者,その他,対象外当事者,その他,単路－9.0m以上,直線－平坦,単路（交差点付近を含む）,規制なし,中央分離帯,区分なし,車両相互,35～44歳,45～54歳,貨物車－中型車,貨物車－普通車,自家用,自家用,貨物車,貨物車,指定の速度規制なし等,指定の速度規制なし等,左前-前,右前-右後,小破,中破,その他,その他,その他,その他,負傷,損傷なし,金,その他,418,西日本高速道路,走行車線－第二通行帯以上,完全分離－切土,直線,平坦・該当なし,,2,該当なし,該当なし,該当なし,0,33.752948,130.644364,2019-08-02,05:27,blue
本票,福岡,高速道路交通警察隊,2009,負傷,0,1,47180,下,0318,647,夜－夜,雨,市街地－その他,舗装－湿潤,単路－カーブ・屈折,環状交差点以外 環状交差点以外をいう。,施設なし,対象外当事者,その他,対象外当事者,その他,単路－3.5m未満,カーブ・屈折－左－上り,単路（交差点付近を含む）,規制なし,中央分離帯,区分なし,車両相互,45～54歳,25～34歳,貨物車－中型車,乗用車－普通車,事業用,自家用,貨物車,乗用車,70㎞／ｈ以下,70㎞／ｈ以下,右前-無,右前-無,中破,大破,その他,装備あり 作動,その他,その他,負傷,損傷なし,土,その他,318,西日本高速道路,走行車線－第一通行帯,完全分離－その他,カーブ－1000m以上,上り・下り－３％以上,,2,該当なし,該当なし,70㎞/h以下,0,33.635409,131.059941,2019-07-20,22:15,blue
本票,長崎,高速道路交通警察隊,0028,負傷,0,1,50050,上,0035,201,昼－昼,雨,市街地－人口集中,舗装－湿潤,単路－トンネル,環状交差点以外 環状交差点以外をいう。,施設なし,対象外当事者,その他,対象外当事者,その他,単路－5.5m以上,直線－平坦,単路（交差点付近を含む）,規制なし,中央分離帯,区分あり－縁石・ブロック等,車両相互,25～34歳,65～74歳,乗用車－普通車,貨物車－軽自動車,自家用,自家用,乗用車,貨物車,80㎞／ｈ以下,80㎞／ｈ以下,左前-無,左前-無,中破,大破,その他,その他,その他,その他,負傷,損傷なし,土,その他,35,地方道路公社,追越車線,完全分離－トンネル,直線,平坦・該当なし,若竹,2,該当なし,該当なし,該当なし,2923,32.738901,129.874830,2019-08-24,17:38,blue
本票,宮崎,高速道路交通警察隊,0029,負傷,0,2,50210,上,2256,203,昼－昼,晴,非市街地,舗装－乾燥,単路－橋,環状交差点以外 環状交差点以外をいう。,施設なし,対象外当事者,その他,対象外当事者,その他,単路－5.5m以上,直線－平坦,単路（交差点付近を含む）,規制なし,中央線－チャッターバー等,区分あり－路側帯,車両相互,25～34歳,25～34歳,貨物車－普通車,乗用車－軽自動車,自家用,自家用,貨物車,乗用車,70㎞／ｈ以下,70㎞／ｈ以下,前-無,前-左後,中破,小破,その他,その他,その他,その他,損傷なし,負傷,火,その他,2256,国土交通省,走行車線－第一通行帯,非分離－高架・橋梁,直線,平坦・該当なし,,3,該当なし,あり－その他,50㎞/h以下,0,32.555555,131.633177,2019-07-30,08:10,blue
本票,鹿児島,第二交通機動隊,0015,負傷,0,1,50010,上,0000,201,昼－暮,晴,非市街地,舗装－乾燥,単路－その他,環状交差点以外 環状交差点以外をいう。,施設なし,対象外当事者,その他,対象外当事者,その他,単路－9.0m以上,直線－上り,単路（交差点付近を含む）,規制なし,中央線－ポストコーン,区分なし,車両相互,45～54歳,0～24歳,乗用車－普通車,貨物車－軽自動車,自家用,自家用,乗用車,貨物車,70㎞／ｈ以下,70㎞／ｈ以下,右前-無,右前-無,大破,大破,装備あり 作動,装備あり 作動,その他,その他,負傷,損傷なし,土,前日,1463,西日本高速道路,走行車線－第一通行帯,非分離－その他,直線,上り・下り－５％以上,,2,該当なし,該当なし,該当なし,0,31.601903,130.476043,2019-08-10,19:00,blue
本票,東京,高速道路交通警察隊,0488,負傷,0,1,50030,上,0000,103,夜－夜,晴,市街地－人口集中,舗装－乾燥,単路－橋,環状交差点以外 環状交差点以外をいう。,施設なし,対象外当事者,その他,対象外当事者,その他,単路－13.0m以上,直線－平坦,単路（交差点付近を含む）,規制なし,中央分離帯,区分なし,車両相互,55～64歳,25～34歳,乗用車－普通車,乗用車－普通車,自家用,自家用,乗用車,乗用車,50㎞／ｈ以下,50㎞／ｈ以下,前-無,前-無,大破,大破,装備あり 作動,装備あり 作動,その他,装備あり 作動,損傷なし,損傷なし,日,その他,0,首都高速道路,走行車線－第一通行帯,完全分離－高架・橋梁,直線,平坦・該当なし,,2,該当なし,該当なし,50㎞/h以下,0,35.653629,139.751534,2018-11-04,02:50,blue
本票,東京,高速道路交通警察隊,0514,負傷,0,3,50340,下,0000,108,昼－昼,雨,市街地－人口集中,舗装－乾燥,単路－カーブ・屈折,環状交差点以外 環状交差点以外をいう。,施設なし,対象外当事者,その他,対象外当事者,その他,単路－5.5m以上,カーブ・屈折－左－平坦,単路（交差点付近を含む）,規制なし,中央分離帯,区分なし,車両相互,25～34歳,35～44歳,乗用車－普通車,貨物車－普通車,自家用,自家用,乗用車,貨物車,50㎞／ｈ以下,50㎞／ｈ以下,前-左前,右前-左,小破,小破,その他,その他,その他,その他,損傷なし,負傷,水,その他,0,首都高速道路,走行車線－第二通行帯以上,完全分離－その他,カーブ－300m以上,平坦－２％以上,,2,該当なし,該当なし,該当なし,0,35.639294,139.796466,2019-09-18,08:40,blue
本票,茨城,高速道路交通警察隊,0050,負傷,0,2,42540,下,0000,216,昼－昼,晴,非市街地,舗装－乾燥,単路－その他,環状交差点以外 環状交差点以外をいう。,施設なし,対象外当事者,その他,対象外当事者,その他,単路－9.0m以上,直線－平坦,単路（交差点付近を含む）,規制なし,中央分離帯,区分あり－路側帯,車両相互,35～44歳,25～34歳,乗用車－普通車,乗用車－軽自動車,自家用,自家用,乗用車,乗用車,指定の速度規制なし等,指定の速度規制なし等,左前-無,前-後,小破,大破,その他,装備あり 作動,その他,装備あり 作動,損傷なし,負傷,土,その他,1534,東日本高速道路,走行車線－第二通行帯以上,完全分離－盛土,直線,平坦・該当なし,,3,該当なし,該当なし,該当なし,0,36.343365,140.207706,2019-08-31,16:30,blue
本票,埼玉,高速道路交通警察隊,0274,負傷,0,2,42020,下,0000,201,昼－昼,晴,非市街地,舗装－乾燥,一般交通の場所,環状交差点以外 環状交差点以外をいう。,施設なし,対象外当事者,その他,対象外当事者,その他,一般交通の場所,一般交通の場所,その他,規制なし,一般交通の場所,区分なし,車両相互,0～24歳,45～54歳,乗用車－普通車,乗用車－普通車,自家用,自家用,乗用車,乗用車,指定の速度規制なし等,指定の速度規制なし等,前-無,前-後,小破,小破,その他,その他,その他,その他,損傷なし,損傷なし,金,その他,224,東日本高速道路,その他,その他,該当なし,平坦・該当なし,,3,該当なし,該当なし,該当なし,0,35.902322,139.453203,2019-07-26,07:10,blue
本票,埼玉,高速道路交通警察隊,0290,負傷,0,1,41010,上,0000,210,昼－明,雨,市街地－人口集中,舗装－湿潤,単路－その他,環状交差点以外 環状交差点以外をいう。,施設なし,対象外当事者,その他,対象外当事者,その他,単路－9.0m以上,直線－平坦,単路（交差点付近を含む）,規制なし,中央分離帯,区分なし,車両相互,45～54歳,35～44歳,貨物車－中型車,貨物車－準中型車,事業用,自家用,貨物車,貨物車,70㎞／ｈ以下,指定の速度規制なし等,右前-左前,左前-右前,中破,中破,その他,その他,その他,その他,負傷,損傷なし,月,その他,328,東日本高速道路,走行車線－第一通行帯,完全分離－盛土,直線,平坦－１％未満,,2,該当なし,該当なし,該当なし,0,36.117039,139.634550,2019-09-09,05:40,blue
本票,埼玉,高速道路交通警察隊,0293,負傷,0,2,50330,上,0000,215,昼－昼,曇,市街地－その他,舗装－乾燥,単路－カーブ・屈折,環状交差点以外 環状交差点以外をいう。,施設なし,対象外当事者,その他,対象外当事者,その他,単路－19.5m以上,カーブ・屈折－左－平坦,単路（交差点付近を含む）,規制なし,中央分離帯,区分あり－路側帯,車両相互,45～54歳,25～34歳,貨物車－中型車,貨物車－普通車,事業用,自家用,貨物車,貨物車,80㎞／ｈ以下,80㎞／ｈ以下,右前-左前,左前-右前,大破,中破,装備あり 作動,その他,その他,その他,負傷,損傷なし,水,その他,667,東日本高速道路,追越車線,完全分離－その他,カーブ－700m以上,平坦－１％未満,,4,該当なし,あり－その他,50㎞/h以下,0,35.849621,139.365332,2019-08-21,10:26,blue
本票,埼玉,高速道路交通警察隊,0300,負傷,0,4,50180,下,0000,105,昼－昼,晴,非市街地,舗装－乾燥,単路－その他,環状交差点以外 環状交差点以外をいう。,施設なし,対象外当事者,その他,対象外当事者,その他,単路－19.5m以上,直線－平坦,単路（交差点付近を含む）,規制なし,中央分離帯,区分なし,車両相互,45～54歳,35～44歳,乗用車－普通車,貨物車－普通車,自家用,自家用,乗用車,貨物車,60㎞／ｈ以下,60㎞／ｈ以下,前-後,前-無,大破,大破,その他,装備あり 作動,その他,その他,負傷,損傷なし,土,その他,71,首都高速道路,走行車線－第二通行帯以上,完全分離－その他,直線,平坦－１％未満,,4,該当なし,該当なし,該当なし,0,35.882759,139.616026,2019-09-07,13:05,blue
本票,山梨,高速道路交通警察隊,0031,負傷,0,1,42610,上,0861,213,昼－昼,晴,非市街地,舗装－乾燥,単路－その他,環状交差点以外 環状交差点以外をいう。,施設なし,対象外当事者,その他,対象外当事者,その他,単路－3.5m以上,直線－平坦,単路（交差点付近を含む）,規制なし,中央分離帯,区分あり－路側帯,車両相互,25～34歳,45～54歳,乗用車－普通車,乗用車－普通車,自家用,自家用,乗用車,乗用車,50㎞／ｈ以下,50㎞／ｈ以下,右前-無,左前-無,小破,小破,その他,その他,その他,その他,損傷なし,負傷,日,その他,861,中日本高速道路,走行車線－第一通行帯,完全分離－盛土,直線,平坦－１％未満,,2,該当なし,あり－渋滞,50㎞/h以下,0,35.641120,138.769447,2019-09-01,15:35,blue
本票,山梨,高速道路交通警察隊,0037,負傷,0,2,42620,下,0537,212,昼－昼,曇,非市街地,舗装－湿潤,単路－その他,環状交差点以外 環状交差点以外をいう。,施設なし,対象外当事者,その他,対象外当事者,その他,単路－13.0m以上,直線－上り,単路（交差点付近を含む）,規制なし,中央分離帯,区分あり－防護柵等,車両相互,45～54歳,0～24歳,乗用車－普通車,貨物車－普通車,自家用,自家用,乗用車,貨物車,60㎞／ｈ以下,80㎞／ｈ以下,右前-無,左前-無,中破,中破,その他,その他,その他,その他,負傷,損傷なし,日,前日,537,中日本高速道路,登板車線,完全分離－その他,直線,上り・下り－４％以上,,2,該当なし,該当なし,該当なし,0,35.631678,139.083889,2019-09-22,07:55,blue
本票,静岡,高速道路交通警察隊,0290,負傷,0,2,42710,上,0000,210,昼－昼,雨,非市街地,舗装－湿潤,単路－その他,環状交差点以外 環状交差点以外をいう。,施設なし,対象外当事者,その他,対象外当事者,その他,単路－5.5m以上,直線－平坦,単路（交差点付近を含む）,規制なし,中央分離帯,区分なし,車両相互,45～54歳,45～54歳,貨物車－大型車,乗用車－普通車,事業用,自家用,貨物車,乗用車,50㎞／ｈ以下,50㎞／ｈ以下,右前-無,左前-無,小破,大破,その他,その他,その他,その他,損傷なし,負傷,水,その他,1165,中日本高速道路,走行車線－第一通行帯,完全分離－高架・橋梁,直線,平坦・該当なし,,2,該当なし,あり－工事等,50㎞/h以下,0,35.170659,138.723917,2019-09-18,11:55,blue
本票,静岡,高速道路交通警察隊,0294,負傷,0,2,42720,対象外,0000,103,夜－暮,雨,非市街地,舗装－乾燥,単路－トンネル,環状交差点以外 環状交差点以外をいう。,施設なし,対象外当事者,その他,対象外当事者,その他,単路－9.0m以上,直線－平坦,単路（交差点付近を含む）,規制なし,中央分離帯,区分なし,車両相互,35～44歳,35～44歳,貨物車－準中型車,乗用車－普通車,自家用,自家用,貨物車,乗用車,50㎞／ｈ以下,50㎞／ｈ以下,前-無,前-後,小破,大破,その他,装備あり 作動,その他,その他,損傷なし,負傷,金,その他,1316,中日本高速道路,走行車線－第二通行帯以上,完全分離－トンネル,直線,平坦・該当なし,一関,3,該当なし,あり－工事等,50㎞/h以下,714,35.123783,138.607585,2019-09-20,17:55,blue