資料区分,都道府県コード,警察署等コード,本票番号,事故内容,死者数,負傷者数,路線コード,上下線,地点コード,市区町村コード,昼夜,天候,地形,路面状態,道路形状,環状交差点の直径,信号機,一時停止規制　標識（当事者A）,一時停止規制　表示（当事者A）,一時停止規制　標識（当事者B）,一時停止規制　表示（当事者B）,車道幅員,道路線形,衝突地点,ゾーン規制,中央分離帯施設等,歩車道区分,事故類型,年齢（当事者A）,年齢（当事者B）,当事者種別（当事者A）,当事者種別（当事者B）,用途別（当事者A）,用途別（当事者B）,車両形状（当事者A）,車両形状（当事者B）,速度規制（指定のみ）（当事者A）,速度規制（指定のみ）（当事者B）,車両の衝突部位（当事者A）,車両の衝突部位（当事者B）,車両の損壊程度（当事者A）,車両の損壊程度（当事者B）,エアバッグの装備（当事者A）,エアバッグの装備（当事者B）,サイドエアバッグの装備（当事者A）,サイドエアバッグの装備（当事者B）,人身損傷程度（当事者A）,人身損傷程度（当事者B）,曜日(発生年月日),祝日(発生年月日),発生地点,道路管理者区分,道路区分,道路構造,曲線半径,縦断勾配,トンネル番号,当事者車両台数,車両単独事故の対象物,臨時速度規制の有無,速度規制（臨時のみ）,トンネル延長距離,緯度,経度,発生日,発生時,color
本票,愛知,高速道路交通警察隊,0471,負傷,0,3,42810,上,0000,229,昼－昼,晴,非市街地,舗装－乾燥,単路－その他,環状交差点以外 環状交差点以外をいう。,施設なし,対象外当事者,その他,対象外当事者,その他,単路－9.0m以上,直線－平坦,単路（交差点付近を含む）,規制なし,中央分離帯,区分あり－防護柵等,車両相互,35～44歳,0～24歳,貨物車－大型車,貨物車－普通車,事業用,自家用,貨物車,貨物車,指定の速度規制なし等,指定の速度規制なし等,前-無,前-後,小破,小破,その他,その他,その他,その他,損傷なし,負傷,火,その他,215,中日本高速道路,走行車線－第二通行帯以上,完全分離－その他,直線,平坦・該当なし,,5,該当なし,該当なし,該当なし,0,35.043764,136.986963,2019-09-03,07:15,blue
本票,愛知,高速道路交通警察隊,0483,負傷,0,1,42630,上,0000,203,昼－暮,晴,市街地－その他,舗装－乾燥,単路－その他,環状交差点以外 環状交差点以外をいう。,施設なし,対象外当事者,その他,対象外当事者,その他,単路－9.0m以上,直線－平坦,単路（交差点付近を含む）,規制なし,中央分離帯,区分あり－防護柵等,車両相互,25～34歳,45～54歳,貨物車－普通車,貨物車－軽自動車,自家用,事業用,貨物車,貨物車,50㎞／ｈ以下,50㎞／ｈ以下,前-無,前-後,小破,小破,その他,その他,その他,その他,損傷なし,負傷,金,その他,3601,中日本高速道路,追越車線,完全分離－盛土,直線,平坦・該当なし,,3,該当なし,あり－渋滞,50㎞/h以下,0,35.283586,136.773096,2019-09-06,17:45,blue
本票,愛知,高速道路交通警察隊,0487,負傷,0,1,42820,下,0000,210,昼－昼,曇,非市街地,舗装－乾燥,一般交通の場所,環状交差点以外 環状交差点以外をいう。,施設なし,対象外当事者,その他,対象外当事者,その他,一般交通の場所,一般交通の場所,その他,規制なし,一般交通の場所,区分なし,車両相互,65～74歳,25～34歳,乗用車－軽自動車,二輪車－自動二輪－小型二輪－751ｃｃ以上,自家用,自家用,乗用車,対象外当事者,指定の速度規制なし等,指定の速度規制なし等,右前-無,前-無,小破,小破,その他,対象外当事者,その他,対象外当事者,損傷なし,負傷,土,その他,158,中日本高速道路,パーキングエリア,その他,該当なし,平坦・該当なし,,2,該当なし,該当なし,該当なし,0,35.040685,137.046429,2019-09-14,12:10,blue
本票,愛知,高速道路交通警察隊,0489,負傷,0,3,42710,上,0000,202,昼－昼,晴,非市街地,舗装－乾燥,単路－その他,環状交差点以外 環状交差点以外をいう。,施設なし,対象外当事者,その他,対象外当事者,その他,単路－5.5m以上,直線－平坦,単路（交差点付近を含む）,規制なし,中央分離帯,区分あり－路側帯,車両相互,35～44歳,0～24歳,乗用車－普通車,乗用車－普通車,自家用,自家用,乗用車,乗用車,指定の速度規制なし等,指定の速度規制なし等,前-無,前-後,小破,小破,その他,その他,その他,その他,損傷なし,負傷,土,その他,2954,中日本高速道路,追越車線,完全分離－その他,直線,平坦・該当なし,,3,該当なし,該当なし,該当なし,0,34.960580,137.191324,2019-09-07,09:20,blue
本票,愛知,高速道路交通警察隊,0490,負傷,0,3,42710,上,0000,202,昼－昼,晴,非市街地,舗装－乾燥,単路－その他,環状交差点以外 環状交差点以外をいう。,施設なし,対象外当事者,その他,対象外当事者,その他,単路－5.5m以上,直線－平坦,単路（交差点付近を含む）,規制なし,中央分離帯,区分あり－路側帯,車両相互,25～34歳,35～44歳,乗用車－普通車,乗用車－普通車,自家用,自家用,乗用車,乗用車,指定の速度規制なし等,指定の速度規制なし等,前-無,前-後,小破,小破,その他,その他,その他,その他,損傷なし,損傷なし,土,その他,2954,中日本高速道路,追越車線,完全分離－その他,直線,平坦・該当なし,,3,該当なし,該当なし,該当なし,0,34.960625,137.191279,2019-09-07,09:20,blue
本票,愛知,高速道路交通警察隊,0492,負傷,0,4,42630,上,0000,203,昼－昼,晴,非市街地,舗装－乾燥,単路－その他,環状交差点以外 環状交差点以外をいう。,施設なし,対象外当事者,その他,対象外当事者,その他,単路－19.5m以上,直線－平坦,単路（交差点付近を含む）,規制なし,中央分離帯,区分なし,車両相互,55～64歳,35～44歳,貨物車－大型車,乗用車－普通車,事業用,自家用,貨物車,乗用車,50㎞／ｈ以下,50㎞／ｈ以下,前-無,前-後,中破,中破,その他,装備あり 作動,その他,その他,損傷なし,負傷,火,その他,3580,中日本高速道路,走行車線－第一通行帯,完全分離－盛土,直線,平坦－１％未満,,4,該当なし,あり－渋滞,50㎞/h以下,0,35.279911,136.796122,2019-09-17,15:25,blue
本票,愛知,高速道路交通警察隊,0497,負傷,0,3,44110,上,0000,116,昼－昼,晴,非市街地,舗装－乾燥,単路－その他,環状交差点以外 環状交差点以外をいう。,施設なし,対象外当事者,その他,対象外当事者,その他,単路－9.0m以上,直線－平坦,単路（交差点付近を含む）,規制なし,中央分離帯,区分あり－路側帯,車両相互,45～54歳,35～44歳,貨物車－準中型車,貨物車－軽自動車,自家用,自家用,貨物車,貨物車,40㎞／ｈ以下,40㎞／ｈ以下,前-無,前-後,小破,小破,その他,その他,その他,その他,損傷なし,負傷,金,その他,2078,中日本高速道路,走行車線－第一通行帯,完全分離－切土,直線,平坦・該当なし,,4,該当なし,あり－渋滞,40㎞/h以下,0,35.107233,136.995699,2019-09-20,09:10,blue
本票,愛知,高速道路交通警察隊,0508,負傷,0,2,44120,下,0000,235,昼－昼,晴,非市街地,舗装－乾燥,単路－その他,環状交差点以外 環状交差点以外をいう。,施設なし,対象外当事者,その他,対象外当事者,その他,単路－9.0m以上,直線－平坦,単路（交差点付近を含む）,規制なし,中央分離帯,区分なし,車両相互,0～24歳,25～34歳,乗用車－普通車,貨物車－普通車,自家用,自家用,乗用車,貨物車,80㎞／ｈ以下,80㎞／ｈ以下,左前-後,前-無,小破,小破,その他,その他,その他,その他,負傷,損傷なし,火,その他,395,中日本高速道路,追越車線,完全分離－その他,直線,平坦・該当なし,,3,該当なし,該当なし,該当なし,0,35.118394,136.708403,2019-09-24,07:35,blue
本票,愛知,高速道路交通警察隊,0509,負傷,0,2,44110,上,0000,206,昼－昼,曇,市街地－その他,舗装－乾燥,単路－その他,環状交差点以外 環状交差点以外をいう。,施設なし,対象外当事者,その他,対象外当事者,その他,単路－5.5m以上,直線－平坦,その他,規制なし,中央分離帯,区分あり－路側帯,車両相互,45～54歳,45～54歳,貨物車－準中型車,乗用車－普通車,自家用,自家用,貨物車,乗用車,指定の速度規制なし等,指定の速度規制なし等,前-無,前-後,小破,小破,その他,その他,その他,その他,損傷なし,負傷,水,その他,113,中日本高速道路,減速車線,完全分離－その他,直線,平坦・該当なし,,3,該当なし,該当なし,該当なし,0,35.228825,136.938926,2019-09-18,15:40,blue
本票,愛知,高速道路交通警察隊,0514,負傷,0,2,51720,下,0000,219,昼－昼,晴,市街地－その他,舗装－乾燥,単路－その他,環状交差点以外 環状交差点以外をいう。,施設なし,対象外当事者,その他,対象外当事者,その他,単路－9.0m以上,直線－平坦,単路（交差点付近を含む）,規制なし,中央分離帯,区分なし,車両相互,35～44歳,55～64歳,貨物車－普通車,貨物車－普通車,自家用,自家用,貨物車,貨物車,60㎞／ｈ以下,60㎞／ｈ以下,前-無,前-後,小破,小破,その他,その他,その他,その他,損傷なし,負傷,金,その他,60,名古屋高速,追越車線,完全分離－その他,直線,平坦・該当なし,,3,該当なし,該当なし,該当なし,0,35.286839,136.905906,2019-09-27,10:15,blue
本票,愛知,高速道路交通警察隊,0519,負傷,0,2,44110,上,0000,114,昼－昼,晴,市街地－その他,舗装－乾燥,単路－その他,環状交差点以外 環状交差点以外をいう。,施設なし,対象外当事者,その他,対象外当事者,その他,単路－9.0m以上,直線－平坦,単路（交差点付近を含む）,規制なし,中央分離帯,区分あり－防護柵等,車両相互,25～34歳,75歳以上,貨物車－中型車,乗用車－普通車,事業用,自家用,貨物車,乗用車,60㎞／ｈ以下,60㎞／ｈ以下,前-無,前-後,小破,小破,その他,その他,その他,その他,損傷なし,負傷,土,その他,2036,中日本高速道路,走行車線－第一通行帯,完全分離－高低分離,直線,平坦・該当なし,,3,該当なし,該当なし,該当なし,0,35.075722,136.969995,2019-09-28,08:30,blue
本票,大阪,高速道路交通警察隊,0553,負傷,0,2,51040,上,0000,227,昼－昼,晴,市街地－人口集中,舗装－乾燥,単路－その他,環状交差点以外 環状交差点以外をいう。,施設なし,対象外当事者,その他,対象外当事者,その他,単路－3.5m未満,直線－平坦,単路（交差点付近を含む）,規制なし,中央分離帯,区分なし,車両相互,45～54歳,25～34歳,貨物車－大型車,乗用車－普通車,事業用,自家用,貨物車,乗用車,60㎞／ｈ以下,60㎞／ｈ以下,右前-無,左前-左,小破,中破,その他,その他,その他,その他,損傷なし,負傷,月,その他,71,阪神高速道路,走行車線－第二通行帯以上,その他,該当なし,平坦・該当なし,,2,該当なし,該当なし,該当なし,0,34.678722,135.586367,2019-09-02,11:58,blue
本票,大阪,高速道路交通警察隊,0572,負傷,0,1,51090,上,0000,126,昼－昼,雨,市街地－人口集中,舗装－湿潤,単路－その他,環状交差点以外 環状交差点以外をいう。,施設なし,対象外当事者,その他,対象外当事者,その他,単路－3.5m未満,直線－平坦,単路（交差点付近を含む）,規制なし,中央分離帯,区分なし,車両相互,25～34歳,55～64歳,乗用車－普通車,乗用車－軽自動車,自家用,自家用,乗用車,乗用車,60㎞／ｈ以下,60㎞／ｈ以下,前-無,前-無,小破,小破,その他,その他,その他,その他,負傷,損傷なし,火,その他,71,阪神高速道路,走行車線－第二通行帯以上,その他,該当なし,平坦・該当なし,,2,該当なし,該当なし,該当なし,0,34.619078,135.548803,2019-08-27,15:25,blue
本票,兵庫,高速道路交通警察隊,0584,負傷,0,2,50030,上,0155,204,昼－昼,曇,市街地－人口集中,舗装－乾燥,単路－橋,環状交差点以外 環状交差点以外をいう。,施設なし,対象外当事者,その他,対象外当事者,その他,単路－13.0m以上,直線－平坦,単路（交差点付近を含む）,規制なし,中央分離帯,区分あり－路側帯,車両相互,65～74歳,45～54歳,貨物車－大型車,乗用車－普通車,事業用,自家用,貨物車,乗用車,60㎞／ｈ以下,60㎞／ｈ以下,右前-無,左前-右後,小破,中破,その他,その他,その他,その他,損傷なし,負傷,土,その他,145,阪神高速道路,走行車線－第二通行帯以上,完全分離－高架・橋梁,直線,平坦・該当なし,,3,該当なし,該当なし,該当なし,0,34.727175,135.354405,2019-09-21,09:02,blue
本票,奈良,高速道路交通警察隊,0071,死亡,1,1,50070,上,0741,208,昼－昼,晴,非市街地,舗装－乾燥,単路－トンネル,環状交差点以外 環状交差点以外をいう。,施設なし,対象外当事者,その他,対象外当事者,その他,単路－9.0m以上,直線－平坦,単路（交差点付近を含む）,規制なし,中央線－ポストコーン,区分あり－縁石・ブロック等,車両相互,55～64歳,55～64歳,貨物車－大型車,貨物車－準中型車,事業用,自家用,貨物車,貨物車,70㎞／ｈ以下,70㎞／ｈ以下,右前-左前,右前-無,大破,大破,装備あり 作動,その他,その他,その他,負傷,死亡,月,その他,741,国土交通省,走行車線－第一通行帯,非分離－トンネル,直線,平坦－２％以上,炭山第１,2,該当なし,該当なし,該当なし,1831,34.397635,135.717410,2019-09-09,11:23,red
本票,和歌山,高速道路交通警察隊,0045,負傷,0,1,44210,上,0000,201,昼－昼,晴,非市街地,舗装－乾燥,一般交通の場所,環状交差点以外 環状交差点以外をいう。,施設なし,対象外当事者,その他,対象外当事者,その他,一般交通の場所,一般交通の場所,その他,規制なし,一般交通の場所,区分なし,車両相互,25～34歳,35～44歳,貨物車－普通車,乗用車－軽自動車,自家用,自家用,貨物車,乗用車,指定の速度規制なし等,指定の速度規制なし等,右前-無,右前-無,中破,中破,その他,その他,その他,その他,損傷なし,負傷,金,その他,0,西日本高速道路,サービスエリア,その他,該当なし,平坦・該当なし,,2,該当なし,該当なし,該当なし,0,34.275941,135.249066,2019-09-06,13:35,blue
本票,岡山,高速道路交通警察隊,0034,負傷,0,4,45110,上,0000,202,昼－昼,晴,非市街地,舗装－乾燥,単路－その他,環状交差点以外 環状交差点以外をいう。,施設なし,対象外当事者,その他,対象外当事者,その他,単路－5.5m以上,直線－平坦,単路（交差点付近を含む）,規制なし,中央分離帯,区分あり－防護柵等,車両相互,25～34歳,55～64歳,乗用車－軽自動車,乗用車－軽自動車,自家用,自家用,乗用車,乗用車,50㎞／ｈ以下,50㎞／ｈ以下,前-無,前-後,中破,大破,装備あり 作動,装備あり 作動,その他,その他,損傷なし,負傷,土,前日,1505,西日本高速道路,走行車線－第一通行帯,完全分離－その他,直線,平坦・該当なし,,4,該当なし,あり－渋滞,50㎞/h以下,0,34.626602,133.791369,2019-08-10,17:58,blue
本票,山口,高速道路交通警察隊,0065,負傷,0,2,45110,上,3833,215,昼－昼,晴,非市街地,舗装－乾燥,単路－トンネル,環状交差点以外 環状交差点以外をいう。,施設なし,対象外当事者,その他,対象外当事者,その他,単路－3.5m以上,直線－平坦,単路（交差点付近を含む）,規制なし,中央分離帯,区分なし,車両相互,55～64歳,35～44歳,乗用車－普通車,乗用車－普通車,自家用,自家用,乗用車,乗用車,100㎞/h以下,100㎞/h以下,前-右前,前-右前,中破,小破,装備あり 作動,その他,その他,その他,損傷なし,負傷,日,当日,3833,西日本高速道路,追越車線,完全分離－トンネル,直線,平坦－１％未満,立岩,3,該当なし,該当なし,該当なし,1582,34.084333,131.740361,2019-08-11,16:30,blue
本票,山口,高速道路交通警察隊,0066,負傷,0,2,45110,上,3833,215,昼－昼,晴,非市街地,舗装－乾燥,単路－トンネル,環状交差点以外 環状交差点以外をいう。,施設なし,対象外当事者,その他,対象外当事者,その他,単路－3.5m以上,直線－平坦,単路（交差点付近を含む）,規制なし,中央分離帯,区分なし,車両相互,35～44歳,35～44歳,乗用車－普通車,乗用車－軽自動車,自家用,自家用,乗用車,乗用車,100㎞/h以下,100㎞/h以下,前-右前,前-右前,中破,中破,装備あり 作動,装備あり 作動,その他,装備あり 作動,損傷なし,損傷なし,日,当日,3833,西日本高速道路,追越車線,完全分離－トンネル,直線,平坦－１％未満,立岩,4,該当なし,該当なし,該当なし,1582,34.084168,131.740279,2019-08-11,16:30,blue
本票,山口,高速道路交通警察隊,0071,負傷,0,1,50040,下,0139,203,昼－暮,晴,非市街地,舗装－乾燥,単路－その他,環状交差点以外 環状交差点以外をいう。,施設なし,対象外当事者,その他,対象外当事者,その他,単路－5.5m以上,直線－平坦,単路（交差点付近を含む）,規制なし,中央線－ポストコーン,区分なし,車両相互,55～64歳,0～24歳,乗用車－普通車,貨物車－軽自動車,自家用,自家用,乗用車,貨物車,80㎞／ｈ以下,80㎞／ｈ以下,左前-左,前-右前,小破,小破,その他,その他,その他,その他,負傷,損傷なし,木,その他,139,都道府県,走行車線－第二通行帯以上,非分離－その他,直線,平坦・該当なし,,2,該当なし,該当なし,該当なし,0,34.052139,131.349750,2019-09-12,17:44,blue
本票,香川,高速道路交通警察隊,0018,負傷,0,1,46130,上,0320,208,昼－昼,雨,非市街地,舗装－湿潤,一般交通の場所,環状交差点以外 環状交差点以外をいう。,施設なし,対象外当事者,その他,対象外当事者,その他,一般交通の場所,一般交通の場所,その他,規制なし,一般交通の場所,区分なし,車両相互,45～54歳,35～44歳,貨物車－中型車,乗用車－軽自動車,事業用,自家用,貨物車,乗用車,指定の速度規制なし等,指定の速度規制なし等,左前-前,右前-右,小破,小破,その他,その他,その他,その他,損傷なし,負傷,水,その他,0,西日本高速道路,パーキングエリア,その他,該当なし,平坦・該当なし,,2,該当なし,該当なし,該当なし,0,34.181021,133.734067,2019-09-04,14:35,blue
本票,福岡,高速道路交通警察隊,1584,負傷,0,1,50680,下,0121,106,昼－昼,雨,市街地－人口集中,舗装－湿潤,単路－その他,環状交差点以外 環状交差点以外をいう。,施設なし,対象外当事者,その他,対象外当事者,その他,単路－9.0m以上,直線－平坦,単路（交差点付近を含む）,規制なし,中央分離帯,区分あり－防護柵等,車両相互,55～64歳,45～54歳,貨物車－大型車,貨物車－準中型車,事業用,自家用,貨物車,貨物車,60㎞／ｈ以下,60㎞／ｈ以下,右前-左前,左前-無,小破,小破,その他,その他,その他,その他,負傷,損傷なし,火,その他,121,福岡・北九州高速,走行車線－第二通行帯以上,完全分離－その他,直線,平坦・該当なし,,2,該当なし,該当なし,60㎞/h以下,0,33.871485,130.879736,2019-08-27,07:25,blue
本票,福岡,高速道路交通警察隊,2013,死亡,1,1,54010,上,0283,647,昼－昼,曇,非市街地,舗装－湿潤,単路－その他,環状交差点以外 環状交差点以外をいう。,施設なし,対象外当事者,その他,対象外当事者,その他,単路－5.5m以上,直線－平坦,単路（交差点付近を含む）,規制なし,中央線－ポストコーン,区分なし,車両相互,35～44歳,55～64歳,貨物車－中型車,貨物車－準中型車,事業用,自家用,貨物車,貨物車,70㎞／ｈ以下,70㎞／ｈ以下,前-右前,前-右前,大破,大破,その他,その他,その他,その他,負傷,死亡,水,その他,283,西日本高速道路,走行車線－第一通行帯,非分離－その他,直線,平坦・該当なし,,2,該当なし,あり－渋滞,該当なし,0,33.653299,131.030606,2019-09-04,17:28,red
本票,熊本,高速道路交通警察隊,0023,負傷,0,2,47020,下,0000,367,昼－昼,曇,非市街地,舗装－乾燥,単路－カーブ・屈折,環状交差点以外 環状交差点以外をいう。,施設なし,対象外当事者,その他,対象外当事者,その他,単路－9.0m以上,カーブ・屈折－右－平坦,単路（交差点付近を含む）,規制なし,中央分離帯,区分あり－路側帯,車両相互,35～44歳,35～44歳,乗用車－大型車,貨物車－中型車,事業用,自家用,乗用車,貨物車,50㎞／ｈ以下,指定の速度規制なし等,右前-無,左前-前,小破,大破,その他,装備あり 作動,その他,その他,負傷,損傷なし,水,その他,1410,西日本高速道路,走行車線－第二通行帯以上,完全分離－その他,カーブ－700m以上,平坦・該当なし,,3,該当なし,あり－渋滞,50㎞/h以下,0,33.004026,130.584074,2019-08-07,15:55,blue
本票,熊本,高速道路交通警察隊,0026,負傷,0,1,47010,上,0000,443,昼－昼,雨,非市街地,舗装－湿潤,単路－その他,環状交差点以外 環状交差点以外をいう。,施設なし,対象外当事者,その他,対象外当事者,その他,単路－19.5m以上,直線－平坦,単路（交差点付近を含む）,規制なし,中央分離帯,区分あり－路側帯,車両相互,35～44歳,25～34歳,貨物車－中型車,乗用車－軽自動車,自家用,自家用,貨物車,乗用車,指定の速度規制なし等,指定の速度規制なし等,前-右,右前-前,小破,中破,装備あり 作動,装備あり 作動,その他,その他,損傷なし,負傷,火,その他,1800,西日本高速道路,追越車線,完全分離－盛土,該当なし,平坦・該当なし,,2,該当なし,該当なし,該当なし,0,32.759955,130.788502,2019-08-27,06:50,blue
本票,東京,高速道路交通警察隊,0553,負傷,0,2,50290,上,0000,116,昼－明,晴,市街地－人口集中,舗装－乾燥,単路－トンネル,環状交差点以外 環状交差点以外をいう。,施設なし,対象外当事者,その他,対象外当事者,その他,単路－9.0m以上,直線－平坦,単路（交差点付近を含む）,規制なし,中央分離帯,区分なし,車両相互,0～24歳,25～34歳,乗用車－普通車,貨物車－軽自動車,自家用,自家用,乗用車,貨物車,60㎞／ｈ以下,60㎞／ｈ以下,前-無,前-後,中破,中破,その他,その他,その他,その他,損傷なし,負傷,火,その他,0,首都高速道路,走行車線－第二通行帯以上,完全分離－トンネル,直線,平坦・該当なし,常磐,3,該当なし,該当なし,該当なし,11216,35.722941,139.693044,2019-10-01,05:52,blue
本票,東京,高速道路交通警察隊,0599,負傷,0,2,50130,上,0000,115,夜－暮,雨,市街地－人口集中,舗装－湿潤,単路－橋,環状交差点以外 環状交差点以外をいう。,施設なし,対象外当事者,その他,対象外当事者,その他,単路－5.5m以上,直線－平坦,単路（交差点付近を含む）,規制なし,中央分離帯,区分なし,車両相互,35～44歳,45～54歳,乗用車－普通車,貨物車－普通車,自家用,自家用,乗用車,貨物車,60㎞／ｈ以下,60㎞／ｈ以下,前-後,前-無,中破,中破,その他,その他,その他,その他,損傷なし,損傷なし,火,その他,0,首都高速道路,走行車線－第一通行帯,完全分離－高架・橋梁,直線,平坦－１％未満,,3,該当なし,該当なし,60㎞/h以下,0,35.669574,139.630893,2019-10-29,17:28,blue
本票,埼玉,高速道路交通警察隊,0325,負傷,0,1,41010,上,0000,109,昼－昼,雨,非市街地,舗装－湿潤,単路－その他,環状交差点以外 環状交差点以外をいう。,施設なし,対象外当事者,その他,対象外当事者,その他,単路－19.5m以上,直線－平坦,その他,規制なし,中央分離なし,区分なし,車両相互,25～34歳,45～54歳,乗用車－軽自動車,貨物車－軽自動車,自家用,自家用,乗用車,貨物車,40㎞／ｈ以下,40㎞／ｈ以下,前-右前,前-後,小破,小破,その他,その他,その他,その他,損傷なし,負傷,金,その他,48,東日本高速道路,料金所等付近－その他 ランプウェイに設置された料金所及びこれに接続する広場をいう。,その他,該当なし,平坦・該当なし,,3,該当なし,該当なし,該当なし,0,35.893701,139.721244,2019-10-11,11:38,blue
本票,神奈川,高速道路交通警察隊,0472,負傷,0,1,50030,上,0000,101,昼－昼,晴,非市街地,舗装－乾燥,単路－その他,環状交差点以外 環状交差点以外をいう。,施設なし,対象外当事者,その他,対象外当事者,その他,単路－5.5m以上,直線－下り,単路（交差点付近を含む）,規制なし,中央分離帯,区分なし,車両相互,35～44歳,35～44歳,乗用車－普通車,貨物車－普通車,自家用,自家用,乗用車,貨物車,40㎞／ｈ以下,40㎞／ｈ以下,前-無,前-無,小破,小破,その他,その他,その他,その他,負傷,損傷なし,水,その他,96,首都高速道路,減速車線,完全分離－その他,直線,上り・下り－３％以上,,2,該当なし,該当なし,該当なし,0,35.490962,139.669913,2019-10-02,08:04,blue
本票,神奈川,高速道路交通警察隊,0493,負傷,0,1,52090,上,0000,215,昼－昼,曇,非市街地,舗装－乾燥,単路－その他,環状交差点以外 環状交差点以外をいう。,施設なし,対象外当事者,その他,対象外当事者,その他,単路－9.0m以上,直線－平坦,単路（交差点付近を含む）,規制なし,中央分離帯,区分あり－路側帯,車両相互,35～44歳,55～64歳,貨物車－中型車,貨物車－軽自動車,事業用,自家用,貨物車,貨物車,80㎞／ｈ以下,80㎞／ｈ以下,前-前,前-後,小破,小破,その他,その他,その他,その他,損傷なし,負傷,火,その他,120,中日本高速道路,走行車線－第一通行帯,完全分離－高架・橋梁,該当なし,平坦・該当なし,,4,該当なし,あり－渋滞,50㎞/h以下,0,35.436613,139.376937,2019-10-15,07:47,blue
本票,神奈川,高速道路交通警察隊,0494,負傷,0,1,42620,下,3020,151,夜－明,晴,非市街地,舗装－乾燥,単路－その他,環状交差点以外 環状交差点以外をいう。,施設なし,対象外当事者,その他,対象外当事者,その他,単路－9.0m以上,直線－平坦,単路（交差点付近を含む）,規制なし,中央分離帯,区分なし,車両相互,65～74歳,55～64歳,貨物車－軽自動車,貨物車－軽自動車,自家用,自家用,貨物車,貨物車,80㎞／ｈ以下,80㎞／ｈ以下,右前-前,右前-前,中破,中破,その他,その他,その他,その他,損傷なし,負傷,火,その他,450,中日本高速道路,追越車線,完全分離－切土,直線,平坦・該当なし,,2,該当なし,該当なし,該当なし,0,35.622631,139.169518,2019-03-05,05:35,blue
本票,神奈川,高速道路交通警察隊,0497,負傷,0,1,51000,上,0000,112,昼－昼,晴,非市街地,舗装－乾燥,単路－その他,環状交差点以外 環状交差点以外をいう。,施設なし,対象外当事者,その他,対象外当事者,その他,単路－5.5m以上,直線－平坦,単路（交差点付近を含む）,規制なし,中央分離帯,区分あり－防護柵等,車両相互,25～34歳,45～54歳,乗用車－普通車,乗用車－普通車,自家用,自家用,乗用車,乗用車,60㎞／ｈ以下,60㎞／ｈ以下,前-無,前-無,小破,小破,その他,その他,その他,その他,損傷なし,負傷,火,その他,86,国土交通省,走行車線－第一通行帯,完全分離－その他,該当なし,平坦・該当なし,,3,該当なし,該当なし,該当なし,0,35.496939,139.494802,2019-09-24,11:25,blue
本票,静岡,高速道路交通警察隊,0316,負傷,0,2,42720,下,0000,210,夜－夜,曇,非市街地,舗装－乾燥,単路－その他,環状交差点以外 環状交差点以外をいう。,施設なし,対象外当事者,その他,対象外当事者,その他,単路－5.5m以上,直線－平坦,単路（交差点付近を含む）,規制なし,中央分離帯,区分なし,車両相互,35～44歳,25～34歳,貨物車－中型車,貨物車－準中型車,事業用,自家用,貨物車,貨物車,50㎞／ｈ以下,50㎞／ｈ以下,左前-無,右前-右後,中破,中破,その他,その他,その他,その他,損傷なし,負傷,木,その他,1256,中日本高速道路,走行車線－第二通行帯以上,完全分離－盛土,直線,平坦・該当なし,,3,該当なし,あり－工事等,50㎞/h以下,0,35.162450,138.622727,2019-10-10,19:22,blue
本票,富山,高速道路交通警察隊,0008,死亡,1,0,50010,上,0715,205,昼－明,曇,非市街地,舗装－湿潤,単路－その他,環状交差点以外 環状交差点以外をいう。,施設なし,対象外当事者,その他,対象外当事者,その他,単路－5.5m以上,直線－平坦,単路（交差点付近を含む）,規制なし,中央線－ポストコーン,区分なし,車両相互,45～54歳,25～34歳,貨物車－大型車,乗用車－軽自動車,事業用,自家用,貨物車,乗用車,80㎞／ｈ以下,70㎞／ｈ以下,右前-無,右前-無,中破,大破,その他,装備あり 作動,その他,その他,損傷なし,死亡,土,その他,715,国土交通省,走行車線－第一通行帯,非分離－盛土,直線,平坦・該当なし,,2,該当なし,該当なし,該当なし,0,36.853383,136.952774,2019-10-19,06:25,red
本票,愛知,高速道路交通警察隊,0526,負傷,0,4,44200,下,0000,235,夜－夜,曇,市街地－その他,舗装－乾燥,単路－その他,環状交差点以外 環状交差点以外をいう。,施設なし,対象外当事者,その他,対象外当事者,その他,単路－5.5m以上,直線－平坦,単路（交差点付近を含む）,規制なし,中央分離帯,区分あり－路側帯,車両相互,45～54歳,25～34歳,貨物車－大型車,乗用車－普通車,事業用,自家用,貨物車,乗用車,指定の速度規制なし等,指定の速度規制なし等,前-無,前-後,小破,小破,その他,装備あり 作動,その他,装備あり 作動,損傷なし,負傷,木,その他,424,中日本高速道路,走行車線－第一通行帯,完全分離－その他,直線,平坦・該当なし,,3,該当なし,該当なし,該当なし,0,35.047250,136.764563,2019-10-03,00:42,blue