資料区分,都道府県コード,警察署等コード,本票番号,事故内容,死者数,負傷者数,路線コード,上下線,地点コード,市区町村コード,昼夜,天候,地形,路面状態,道路形状,環状交差点の直径,信号機,一時停止規制　標識（当事者A）,一時停止規制　表示（当事者A）,一時停止規制　標識（当事者B）,一時停止規制　表示（当事者B）,車道幅員,道路線形,衝突地点,ゾーン規制,中央分離帯施設等,歩車道区分,事故類型,年齢（当事者A）,年齢（当事者B）,当事者種別（当事者A）,当事者種別（当事者B）,用途別（当事者A）,用途別（当事者B）,車両形状（当事者A）,車両形状（当事者B）,速度規制（指定のみ）（当事者A）,速度規制（指定のみ）（当事者B）,車両の衝突部位（当事者A）,車両の衝突部位（当事者B）,車両の損壊程度（当事者A）,車両の損壊程度（当事者B）,エアバッグの装備（当事者A）,エアバッグの装備（当事者B）,サイドエアバッグの装備（当事者A）,サイドエアバッグの装備（当事者B）,人身損傷程度（当事者A）,人身損傷程度（当事者B）,曜日(発生年月日),祝日(発生年月日),発生地点,道路管理者区分,道路区分,道路構造,曲線半径,縦断勾配,トンネル番号,当事者車両台数,車両単独事故の対象物,臨時速度規制の有無,速度規制（臨時のみ）,トンネル延長距離,緯度,経度,発生日,発生時,color
本票,愛知,高速道路交通警察隊,0610,負傷,0,1,51120,下,0000,107,昼－昼,晴,市街地－人口集中,舗装－乾燥,単路－その他,環状交差点以外 環状交差点以外をいう。,施設なし,対象外当事者,その他,対象外当事者,その他,単路－9.0m以上,直線－平坦,単路（交差点付近を含む）,規制なし,中央分離帯,区分なし,車両相互,35～44歳,45～54歳,乗用車－普通車,乗用車－普通車,自家用,自家用,乗用車,乗用車,60㎞／ｈ以下,60㎞／ｈ以下,左前-無,右前-無,小破,小破,その他,その他,その他,その他,損傷なし,負傷,土,その他,0,名古屋高速,追越車線,完全分離－その他,直線,平坦・該当なし,,2,該当なし,該当なし,該当なし,0,35.151279,136.917162,2019-11-09,09:05,blue
本票,愛知,高速道路交通警察隊,0613,負傷,0,1,51030,上,0000,115,夜－夜,晴,非市街地,舗装－乾燥,単路－その他,環状交差点以外 環状交差点以外をいう。,施設なし,対象外当事者,その他,対象外当事者,その他,単路－13.0m以上,直線－平坦,その他,規制なし,中央分離帯,区分なし,車両相互,35～44歳,25～34歳,貨物車－大型車,乗用車－普通車,事業用,自家用,貨物車,乗用車,50㎞／ｈ以下,50㎞／ｈ以下,左前-無,右前-無,小破,小破,その他,その他,その他,その他,損傷なし,負傷,月,その他,101,名古屋高速,料金所等付近－その他 ランプウェイに設置された料金所及びこれに接続する広場をいう。,その他,該当なし,平坦・該当なし,,2,該当なし,該当なし,該当なし,0,35.149676,136.992162,2019-11-11,18:25,blue
本票,愛知,高速道路交通警察隊,0621,負傷,0,4,51110,上,0000,108,昼－昼,晴,市街地－人口集中,舗装－乾燥,単路－その他,環状交差点以外 環状交差点以外をいう。,施設なし,対象外当事者,その他,対象外当事者,その他,単路－9.0m以上,直線－平坦,単路（交差点付近を含む）,規制なし,中央分離帯,区分なし,車両相互,25～34歳,25～34歳,乗用車－普通車,乗用車－普通車,自家用,自家用,乗用車,乗用車,60㎞／ｈ以下,60㎞／ｈ以下,前-無,前-後,小破,小破,その他,その他,その他,その他,損傷なし,負傷,木,その他,23,名古屋高速,追越車線,完全分離－その他,直線,平坦・該当なし,,3,該当なし,該当なし,該当なし,0,35.131591,136.919223,2019-11-14,15:05,blue
本票,愛知,高速道路交通警察隊,0622,負傷,0,1,50100,下,0000,222,夜－夜,晴,市街地－その他,舗装－乾燥,単路－その他,環状交差点以外 環状交差点以外をいう。,施設なし,対象外当事者,その他,対象外当事者,その他,単路－13.0m以上,直線－平坦,単路（交差点付近を含む）,規制なし,中央分離帯,区分なし,車両相互,35～44歳,35～44歳,乗用車－普通車,乗用車－普通車,自家用,自家用,乗用車,乗用車,70㎞／ｈ以下,70㎞／ｈ以下,前-無,前-後,小破,小破,その他,その他,その他,その他,損傷なし,負傷,金,その他,22,都道府県,走行車線－第二通行帯以上,完全分離－切土,直線,平坦・該当なし,,3,該当なし,該当なし,該当なし,0,35.047816,136.899266,2019-11-15,18:05,blue
本票,愛知,高速道路交通警察隊,0633,負傷,0,2,42720,下,0000,202,昼－昼,晴,非市街地,舗装－湿潤,単路－その他,環状交差点以外 環状交差点以外をいう。,施設なし,対象外当事者,その他,対象外当事者,その他,単路－13.0m以上,直線－平坦,単路（交差点付近を含む）,規制なし,中央分離帯,区分なし,車両相互,35～44歳,55～64歳,乗用車－普通車,乗用車－普通車,自家用,自家用,乗用車,乗用車,指定の速度規制なし等,指定の速度規制なし等,前-無,前-後,小破,小破,装備あり 作動,その他,その他,その他,損傷なし,負傷,土,当日,2941,中日本高速道路,追越車線,完全分離－その他,直線,平坦・該当なし,,3,該当なし,該当なし,該当なし,0,34.950189,137.196907,2019-11-23,09:05,blue
本票,愛知,高速道路交通警察隊,0642,負傷,0,2,42820,下,0000,221,夜－夜,晴,非市街地,舗装－乾燥,単路－その他,環状交差点以外 環状交差点以外をいう。,施設なし,対象外当事者,その他,対象外当事者,その他,単路－9.0m以上,直線－平坦,単路（交差点付近を含む）,規制なし,中央分離帯,区分なし,車両相互,35～44歳,25～34歳,貨物車－中型車,乗用車－普通車,自家用,自家用,貨物車,乗用車,指定の速度規制なし等,指定の速度規制なし等,前-無,前-後,小破,中破,その他,その他,その他,その他,損傷なし,負傷,水,その他,2013,中日本高速道路,走行車線－第一通行帯,完全分離－高架・橋梁,直線,平坦・該当なし,,3,該当なし,該当なし,該当なし,0,34.903988,137.616078,2019-11-27,18:40,blue
本票,滋賀,高速道路交通警察隊,0200,負傷,0,1,44190,上,0695,201,夜－夜,曇,市街地－人口集中,舗装－乾燥,単路－その他,環状交差点以外 環状交差点以外をいう。,施設なし,対象外当事者,その他,対象外当事者,その他,単路－13.0m以上,直線－平坦,単路（交差点付近を含む）,規制なし,中央分離帯,区分あり－路側帯,車両相互,35～44歳,55～64歳,貨物車－大型車,乗用車－普通車,事業用,自家用,貨物車,乗用車,80㎞／ｈ以下,80㎞／ｈ以下,左前-無,右前-無,小破,中破,その他,その他,その他,その他,損傷なし,負傷,木,その他,695,西日本高速道路,走行車線－第一通行帯,完全分離－盛土,直線,平坦－２％以上,,2,該当なし,該当なし,該当なし,0,34.958764,135.977274,2019-10-31,18:50,blue
本票,大阪,高速道路交通警察隊,0719,負傷,0,1,50010,対象外,0000,128,昼－昼,晴,非市街地,舗装－乾燥,単路－その他,環状交差点以外 環状交差点以外をいう。,施設なし,対象外当事者,その他,対象外当事者,その他,単路－13.0m以上,直線－平坦,その他,規制なし,中央分離なし,区分なし,車両相互,55～64歳,65～74歳,貨物車－中型車,乗用車－普通車,事業用,事業用,貨物車,乗用車,60㎞／ｈ以下,60㎞／ｈ以下,前-無,前-後,小破,小破,その他,その他,その他,その他,損傷なし,負傷,金,その他,10,阪神高速道路,走行車線－第二通行帯以上,その他,該当なし,平坦・該当なし,,3,該当なし,該当なし,該当なし,0,34.667911,135.497733,2019-11-01,11:47,blue
本票,大阪,高速道路交通警察隊,0748,負傷,0,1,42630,上,0000,205,昼－昼,晴,非市街地,舗装－乾燥,単路－その他,環状交差点以外 環状交差点以外をいう。,施設なし,対象外当事者,その他,対象外当事者,その他,単路－13.0m以上,直線－平坦,単路（交差点付近を含む）,規制なし,中央分離帯,区分なし,車両相互,55～64歳,25～34歳,乗用車－普通車,貨物車－軽自動車,自家用,自家用,乗用車,貨物車,80㎞／ｈ以下,80㎞／ｈ以下,前-無,前-無,小破,小破,その他,その他,その他,その他,損傷なし,負傷,金,その他,5167,西日本高速道路,走行車線－第一通行帯,完全分離－その他,直線,平坦－１％未満,,2,該当なし,該当なし,該当なし,0,34.789813,135.533729,2019-11-01,10:30,blue
本票,大阪,高速道路交通警察隊,0751,負傷,0,2,44220,下,0000,361,昼－昼,晴,非市街地,舗装－湿潤,単路－その他,環状交差点以外 環状交差点以外をいう。,施設なし,対象外当事者,その他,対象外当事者,その他,単路－9.0m以上,直線－平坦,単路（交差点付近を含む）,規制なし,中央分離帯,区分なし,車両相互,35～44歳,35～44歳,貨物車－普通車,貨物車－普通車,自家用,自家用,貨物車,貨物車,80㎞／ｈ以下,80㎞／ｈ以下,前-無,前-無,中破,中破,その他,装備あり 作動,その他,その他,損傷なし,負傷,火,その他,639,西日本高速道路,追越車線,完全分離－その他,該当なし,平坦・該当なし,,2,該当なし,該当なし,該当なし,0,34.374440,135.366855,2019-10-29,08:03,blue
本票,兵庫,高速道路交通警察隊,0713,負傷,0,1,50250,上,0819,216,昼－明,晴,市街地－人口集中,舗装－乾燥,単路－その他,環状交差点以外 環状交差点以外をいう。,施設なし,対象外当事者,その他,対象外当事者,その他,単路－19.5m以上,直線－平坦,単路（交差点付近を含む）,規制なし,中央分離帯,区分あり－路側帯,車両相互,45～54歳,0～24歳,乗用車－普通車,乗用車－軽自動車,自家用,自家用,乗用車,乗用車,70㎞／ｈ以下,70㎞／ｈ以下,右前-無,左前-無,小破,小破,装備あり 作動,その他,装備あり 作動,その他,負傷,損傷なし,水,その他,809,国土交通省,走行車線－第二通行帯以上,完全分離－盛土,直線,平坦・該当なし,,3,該当なし,該当なし,該当なし,0,34.790524,134.768931,2019-11-06,07:00,blue
本票,兵庫,高速道路交通警察隊,0745,負傷,0,1,50090,上,0055,107,昼－昼,晴,市街地－その他,舗装－乾燥,単路－その他,環状交差点以外 環状交差点以外をいう。,施設なし,対象外当事者,その他,対象外当事者,その他,単路－13.0m以上,直線－平坦,単路（交差点付近を含む）,規制なし,中央分離帯,区分あり－路側帯,車両相互,75歳以上,0～24歳,乗用車－普通車,乗用車－普通車,自家用,自家用,乗用車,乗用車,60㎞／ｈ以下,60㎞／ｈ以下,右前-無,左前-無,小破,小破,その他,その他,その他,その他,損傷なし,負傷,月,その他,45,阪神高速道路,走行車線－第二通行帯以上,完全分離－切土,直線,平坦－１％以上,,2,該当なし,該当なし,該当なし,0,34.672169,135.120595,2019-10-28,11:18,blue
本票,奈良,高速道路交通警察隊,0089,負傷,0,3,50020,下,0774,201,夜－暮,晴,非市街地,舗装－乾燥,単路－その他,環状交差点以外 環状交差点以外をいう。,施設なし,対象外当事者,その他,対象外当事者,その他,単路－9.0m以上,直線－平坦,単路（交差点付近を含む）,規制なし,中央分離帯,区分あり－路側帯,車両相互,45～54歳,35～44歳,乗用車－普通車,乗用車－普通車,自家用,自家用,乗用車,乗用車,70㎞／ｈ以下,70㎞／ｈ以下,前-無,前-後,小破,小破,その他,その他,その他,その他,損傷なし,負傷,月,当日,774,国土交通省,追越車線,完全分離－その他,該当なし,平坦－１％以上,,4,該当なし,該当なし,該当なし,0,34.616953,135.969942,2019-11-04,17:25,blue
本票,鳥取,高速道路交通警察隊,0017,負傷,0,7,50030,下,3000,202,夜－暮,晴,非市街地,舗装－乾燥,単路－その他,環状交差点以外 環状交差点以外をいう。,施設なし,対象外当事者,その他,対象外当事者,その他,単路－9.0m以上,直線－平坦,単路（交差点付近を含む）,規制なし,中央分離帯,区分あり－路側帯,車両相互,0～24歳,35～44歳,貨物車－準中型車,貨物車－普通車,自家用,自家用,貨物車,貨物車,60㎞／ｈ以下,60㎞／ｈ以下,前-無,前-後,小破,小破,その他,その他,その他,その他,損傷なし,負傷,月,その他,3000,国土交通省,走行車線－第一通行帯,完全分離－盛土,直線,平坦・該当なし,,4,該当なし,該当なし,該当なし,0,35.419541,133.372446,2019-10-28,17:40,blue
本票,愛媛,高速道路交通警察隊,0029,負傷,0,2,46040,下,0782,213,夜－暮,雨,非市街地,舗装－湿潤,単路－その他,環状交差点以外 環状交差点以外をいう。,施設なし,対象外当事者,その他,対象外当事者,その他,単路－19.5m以上,直線－下り,単路（交差点付近を含む）,規制なし,中央分離帯,区分なし,車両相互,25～34歳,25～34歳,乗用車－普通車,乗用車－軽自動車,自家用,自家用,乗用車,乗用車,100㎞/h以下,100㎞/h以下,左前-無,右前-無,大破,小破,装備あり 作動,その他,その他,その他,損傷なし,負傷,土,その他,782,西日本高速道路,走行車線－第二通行帯以上,完全分離－その他,直線,平坦・該当なし,,2,該当なし,該当なし,該当なし,0,33.934866,133.367971,2019-10-19,17:48,blue
本票,福岡,高速道路交通警察隊,0717,負傷,0,1,47010,上,0812,221,昼－暮,雨,市街地－その他,舗装－湿潤,単路－その他,環状交差点以外 環状交差点以外をいう。,施設なし,対象外当事者,その他,対象外当事者,その他,単路－13.0m以上,直線－平坦,単路（交差点付近を含む）,規制なし,中央分離帯,区分なし,車両相互,35～44歳,65～74歳,乗用車－普通車,乗用車－軽自動車,自家用,自家用,乗用車,乗用車,80㎞／ｈ以下,80㎞／ｈ以下,前-無,前-無,小破,小破,その他,その他,その他,その他,負傷,損傷なし,木,その他,812,西日本高速道路,走行車線－第一通行帯,完全分離－盛土,直線,平坦・該当なし,,2,該当なし,該当なし,80㎞/h以下,0,33.521005,130.495406,2019-10-24,17:34,blue
本票,福岡,高速道路交通警察隊,0731,負傷,0,5,51030,上,0035,132,昼－昼,晴,市街地－人口集中,舗装－乾燥,単路－その他,環状交差点以外 環状交差点以外をいう。,施設なし,対象外当事者,その他,対象外当事者,その他,単路－9.0m以上,直線－平坦,単路（交差点付近を含む）,規制なし,中央分離帯,区分なし,車両相互,25～34歳,35～44歳,貨物車－準中型車,貨物車－普通車,自家用,自家用,貨物車,貨物車,60㎞／ｈ以下,60㎞／ｈ以下,前-後,前-無,小破,小破,その他,その他,その他,その他,負傷,損傷なし,金,その他,35,福岡・北九州高速,走行車線－第二通行帯以上,完全分離－高低分離,直線,平坦－１％未満,,4,該当なし,該当なし,該当なし,0,33.595190,130.433588,2019-11-15,08:40,blue
本票,福岡,高速道路交通警察隊,1081,負傷,0,1,47010,上,0412,226,昼－昼,曇,市街地－その他,舗装－乾燥,単路－その他,環状交差点以外 環状交差点以外をいう。,施設なし,対象外当事者,その他,対象外当事者,その他,単路－3.5m以上,直線－平坦,単路（交差点付近を含む）,規制なし,中央分離帯,区分あり－路側帯,車両相互,35～44歳,25～34歳,貨物車－大型車,乗用車－普通車,事業用,自家用,貨物車,乗用車,80㎞／ｈ以下,指定の速度規制なし等,左前-左,右前-右,小破,小破,その他,その他,その他,その他,負傷,損傷なし,水,その他,412,西日本高速道路,走行車線－第二通行帯以上,完全分離－その他,直線,平坦・該当なし,,2,該当なし,該当なし,該当なし,0,33.755902,130.648371,2019-11-13,13:45,blue
本票,北海道（札幌方面）,高速道路交通警察隊,0053,負傷,0,3,40020,下,0000,234,夜－夜,曇,非市街地,舗装－乾燥,単路－その他,環状交差点以外 環状交差点以外をいう。,施設なし,対象外当事者,その他,対象外当事者,その他,単路－13.0m以上,直線－平坦,その他,規制なし,中央分離帯,区分あり－路側帯,車両相互,45～54歳,45～54歳,貨物車－中型車,乗用車－普通車,事業用,自家用,貨物車,乗用車,50㎞／ｈ以下,50㎞／ｈ以下,左前-無,前-後,小破,小破,その他,装備あり 作動,その他,その他,損傷なし,負傷,木,その他,133,東日本高速道路,追越車線,完全分離－盛土,直線,平坦・該当なし,,4,該当なし,あり－工事等,50㎞/h以下,0,42.971379,141.485658,2019-11-21,20:00,blue
本票,山形,砂川,0054,負傷,0,2,54040,下,1350,341,昼－昼,雪,非市街地,舗装－積雪,単路－その他,環状交差点以外 環状交差点以外をいう。,施設なし,対象外当事者,その他,対象外当事者,その他,単路－5.5m以上,直線－平坦,単路（交差点付近を含む）,規制なし,中央線－ポストコーン,区分なし,車両相互,45～54歳,35～44歳,乗用車－普通車,乗用車－軽自動車,自家用,自家用,乗用車,乗用車,70㎞／ｈ以下,70㎞／ｈ以下,右前-左,左前-無,中破,大破,装備あり 作動,装備あり 作動,その他,その他,負傷,負傷,木,その他,1350,国土交通省,走行車線－第一通行帯,非分離－盛土,直線,平坦・該当なし,,2,該当なし,該当なし,該当なし,0,38.627250,140.375944,2019-12-05,08:53,blue
本票,東京,高速道路交通警察隊,0705,負傷,0,1,50140,下,0000,104,夜－夜,晴,市街地－人口集中,舗装－乾燥,単路－その他,環状交差点以外 環状交差点以外をいう。,施設なし,対象外当事者,その他,対象外当事者,その他,単路－9.0m以上,直線－平坦,単路（交差点付近を含む）,規制なし,中央分離帯,区分なし,車両相互,35～44歳,35～44歳,乗用車－普通車,貨物車－普通車,事業用,自家用,乗用車,貨物車,60㎞／ｈ以下,60㎞／ｈ以下,前-後,前-無,小破,小破,その他,その他,その他,その他,負傷,損傷なし,火,その他,0,首都高速道路,走行車線－第二通行帯以上,完全分離－その他,該当なし,平坦・該当なし,,3,該当なし,該当なし,該当なし,0,35.679831,139.719987,2019-04-09,20:42,blue
本票,東京,高速道路交通警察隊,0720,負傷,0,1,50270,上,0000,111,昼－昼,雨,市街地－人口集中,舗装－乾燥,単路－トンネル,環状交差点以外 環状交差点以外をいう。,施設なし,対象外当事者,その他,対象外当事者,その他,単路－9.0m以上,直線－平坦,その他,規制なし,中央分離帯,区分なし,車両相互,25～34歳,45～54歳,貨物車－大型車,乗用車－軽自動車,事業用,自家用,貨物車,乗用車,60㎞／ｈ以下,60㎞／ｈ以下,前-無,前-無,小破,中破,その他,装備あり 作動,その他,その他,負傷,損傷なし,金,その他,0,首都高速道路,追越車線,完全分離－トンネル,直線,平坦・該当なし,坂梨,2,該当なし,該当なし,該当なし,1487,35.560424,139.776792,2019-08-30,10:07,blue
本票,茨城,高速道路交通警察隊,0069,負傷,0,2,42120,下,0000,202,昼－昼,晴,非市街地,舗装－乾燥,単路－トンネル,環状交差点以外 環状交差点以外をいう。,施設なし,対象外当事者,その他,対象外当事者,その他,単路－9.0m以上,直線－平坦,単路（交差点付近を含む）,規制なし,中央分離帯,区分なし,車両相互,0～24歳,65～74歳,乗用車－普通車,貨物車－普通車,自家用,自家用,乗用車,貨物車,80㎞／ｈ以下,80㎞／ｈ以下,前-無,前-後,中破,小破,その他,その他,その他,その他,損傷なし,負傷,木,その他,1091,東日本高速道路,走行車線－第二通行帯以上,完全分離－トンネル,直線,平坦・該当なし,張碓,3,該当なし,該当なし,80㎞/h以下,2442,36.540036,140.594593,2019-10-31,07:05,blue
本票,群馬,高速道路交通警察隊,0085,死亡,1,2,42020,下,1152,208,昼－昼,晴,非市街地,舗装－乾燥,単路－その他,環状交差点以外 環状交差点以外をいう。,施設なし,対象外当事者,その他,対象外当事者,その他,単路－13.0m以上,直線－平坦,単路（交差点付近を含む）,規制なし,中央分離帯,区分なし,車両相互,65～74歳,75歳以上,乗用車－普通車,乗用車－軽自動車,自家用,自家用,乗用車,乗用車,80㎞／ｈ以下,80㎞／ｈ以下,前-無,前-無,大破,大破,装備あり 作動,装備あり 作動,装備あり 作動,その他,負傷,死亡,日,その他,1152,東日本高速道路,追越車線,完全分離－切土,直線,平坦－２％以上,,2,該当なし,該当なし,該当なし,0,36.571302,139.062862,2019-12-01,14:25,red
本票,埼玉,高速道路交通警察隊,0397,負傷,0,6,41080,下,0000,224,昼－暮,晴,非市街地,舗装－乾燥,単路－その他,環状交差点以外 環状交差点以外をいう。,施設なし,対象外当事者,その他,対象外当事者,その他,単路－19.5m以上,直線－平坦,単路（交差点付近を含む）,規制なし,中央分離帯,区分あり－路側帯,車両相互,35～44歳,45～54歳,乗用車－普通車,乗用車－普通車,自家用,自家用,乗用車,乗用車,40㎞／ｈ以下,40㎞／ｈ以下,右前-前,前-後,中破,小破,その他,その他,その他,その他,損傷なし,負傷,土,その他,79,東日本高速道路,減速車線,完全分離－その他,直線,平坦－１％未満,,4,該当なし,該当なし,該当なし,0,35.821417,139.639307,2019-11-30,15:40,blue
本票,埼玉,高速道路交通警察隊,0401,負傷,0,4,42110,上,0000,237,夜－暮,晴,非市街地,舗装－乾燥,単路－その他,環状交差点以外 環状交差点以外をいう。,施設なし,対象外当事者,その他,対象外当事者,その他,単路－9.0m以上,直線－平坦,単路（交差点付近を含む）,規制なし,中央分離帯,区分あり－路側帯,車両相互,65～74歳,0～24歳,貨物車－中型車,乗用車－普通車,事業用,自家用,貨物車,乗用車,80㎞／ｈ以下,80㎞／ｈ以下,左前-無,右前-左前,小破,中破,その他,装備あり 作動,その他,その他,損傷なし,損傷なし,月,その他,27,東日本高速道路,追越車線,完全分離－その他,直線,平坦－１％未満,,3,該当なし,該当なし,該当なし,0,35.854335,139.877838,2019-11-18,16:35,blue
本票,埼玉,高速道路交通警察隊,0407,負傷,0,1,42110,上,0000,237,昼－暮,雨,非市街地,舗装－湿潤,単路－その他,環状交差点以外 環状交差点以外をいう。,施設なし,対象外当事者,その他,対象外当事者,その他,単路－9.0m以上,直線－平坦,単路（交差点付近を含む）,規制なし,中央分離帯,区分なし,車両相互,45～54歳,75歳以上,貨物車－普通車,貨物車－普通車,自家用,自家用,貨物車,貨物車,80㎞／ｈ以下,80㎞／ｈ以下,右前-無,左前-無,小破,小破,その他,その他,その他,その他,損傷なし,負傷,金,前日,28,東日本高速道路,走行車線－第二通行帯以上,完全分離－盛土,直線,平坦－１％未満,,2,該当なし,該当なし,該当なし,0,35.855423,139.878384,2019-11-22,16:30,blue
本票,神奈川,高速道路交通警察隊,0588,負傷,0,3,52110,上,0000,205,夜－暮,曇,非市街地,舗装－湿潤,単路－その他,環状交差点以外 環状交差点以外をいう。,施設なし,対象外当事者,その他,対象外当事者,その他,単路－9.0m以上,直線－平坦,単路（交差点付近を含む）,規制なし,中央分離帯,区分なし,車両相互,25～34歳,25～34歳,乗用車－普通車,乗用車－軽自動車,自家用,自家用,乗用車,乗用車,60㎞／ｈ以下,60㎞／ｈ以下,前-無,前-後,小破,小破,その他,その他,その他,その他,損傷なし,負傷,月,その他,4,中日本高速道路,走行車線－第一通行帯,完全分離－高架・橋梁,該当なし,平坦・該当なし,,3,該当なし,該当なし,該当なし,0,35.347546,139.446466,2019-12-09,16:45,blue
本票,神奈川,高速道路交通警察隊,0615,負傷,0,1,51030,下,0000,208,夜－夜,雨,非市街地,舗装－湿潤,単路－その他,環状交差点以外 環状交差点以外をいう。,施設なし,対象外当事者,その他,対象外当事者,その他,単路－13.0m以上,直線－平坦,単路（交差点付近を含む）,規制なし,中央分離帯,区分あり－縁石・ブロック等,車両相互,35～44歳,25～34歳,貨物車－中型車,乗用車－軽自動車,事業用,自家用,貨物車,乗用車,80㎞／ｈ以下,80㎞／ｈ以下,左前-前,前-左前,小破,大破,その他,装備あり 作動,その他,その他,損傷なし,負傷,金,その他,195,東日本高速道路,走行車線－第一通行帯,その他,該当なし,平坦・該当なし,,2,該当なし,該当なし,該当なし,0,35.298115,139.616976,2019-12-27,03:40,blue
本票,神奈川,高速道路交通警察隊,0620,負傷,0,1,50070,上,0000,131,夜－夜,晴,非市街地,舗装－乾燥,単路－トンネル,環状交差点以外 環状交差点以外をいう。,施設なし,対象外当事者,その他,対象外当事者,その他,単路－13.0m以上,直線－平坦,単路（交差点付近を含む）,規制なし,中央分離帯,区分なし,車両相互,45～54歳,35～44歳,貨物車－大型車,貨物車－大型車,事業用,事業用,貨物車,貨物車,80㎞／ｈ以下,80㎞／ｈ以下,前-右前,前-左前,大破,大破,その他,その他,その他,その他,損傷なし,負傷,火,その他,346,首都高速道路,追越車線,完全分離－トンネル,直線,平坦・該当なし,釈迦内,6,該当なし,該当なし,該当なし,1953,35.505532,139.774179,2019-12-17,23:10,blue
本票,神奈川,高速道路交通警察隊,0624,負傷,0,1,50020,下,0000,134,夜－夜,晴,非市街地,舗装－乾燥,単路－その他,環状交差点以外 環状交差点以外をいう。,施設なし,対象外当事者,その他,対象外当事者,その他,単路－9.0m以上,直線－平坦,単路（交差点付近を含む）,規制なし,中央分離帯,区分なし,車両相互,25～34歳,35～44歳,乗用車－普通車,乗用車－普通車,自家用,自家用,乗用車,乗用車,60㎞／ｈ以下,60㎞／ｈ以下,左前-左,右前-右,小破,小破,その他,その他,その他,その他,損傷なし,負傷,土,その他,8,東日本高速道路,走行車線－第二通行帯以上,完全分離－その他,該当なし,平坦・該当なし,,2,該当なし,該当なし,該当なし,0,35.601144,139.634772,2019-11-30,22:30,blue
本票,静岡,高速道路交通警察隊,0379,負傷,0,2,42720,対象外,0000,210,夜－夜,晴,非市街地,舗装－乾燥,単路－その他,環状交差点以外 環状交差点以外をいう。,施設なし,対象外当事者,その他,対象外当事者,その他,単路－5.5m以上,直線－平坦,単路（交差点付近を含む）,規制なし,中央分離帯,区分あり－路側帯,車両相互,45～54歳,65～74歳,貨物車－軽自動車,貨物車－軽自動車,自家用,自家用,貨物車,貨物車,50㎞／ｈ以下,50㎞／ｈ以下,前-無,前-後,小破,小破,装備あり 作動,その他,装備あり 作動,その他,損傷なし,負傷,水,その他,1259,中日本高速道路,走行車線－第一通行帯,完全分離－その他,直線,平坦－２％以上,,3,該当なし,あり－工事等,50㎞/h以下,0,35.163705,138.625029,2019-12-04,18:00,blue
本票,静岡,高速道路交通警察隊,0408,負傷,0,1,42810,上,0000,210,昼－昼,晴,非市街地,舗装－乾燥,単路－トンネル,環状交差点以外 環状交差点以外をいう。,施設なし,対象外当事者,その他,対象外当事者,その他,単路－5.5m以上,直線－平坦,単路（交差点付近を含む）,規制なし,中央分離帯,区分あり－路側帯,車両相互,45～54歳,0～24歳,乗用車－普通車,乗用車－軽自動車,自家用,自家用,乗用車,乗用車,50㎞／ｈ以下,50㎞／ｈ以下,前-後,前-無,中破,中破,その他,その他,その他,その他,負傷,損傷なし,火,前日,951,中日本高速道路,追越車線,完全分離－トンネル,直線,平坦・該当なし,西山,3,該当なし,あり－渋滞,50㎞/h以下,4503,35.163846,138.578386,2019-12-31,14:24,blue
本票,愛知,高速道路交通警察隊,0655,負傷,0,2,51110,上,0000,107,昼－昼,晴,非市街地,舗装－乾燥,単路－その他,環状交差点以外 環状交差点以外をいう。,施設なし,対象外当事者,その他,対象外当事者,その他,単路－5.5m以上,直線－平坦,単路（交差点付近を含む）,規制なし,中央分離帯,区分なし,車両相互,45～54歳,25～34歳,貨物車－準中型車,乗用車－普通車,自家用,自家用,貨物車,乗用車,60㎞／ｈ以下,60㎞／ｈ以下,前-無,前-後,小破,小破,その他,その他,その他,その他,損傷なし,負傷,金,その他,3,名古屋高速,追越車線,完全分離－高架・橋梁,直線,平坦・該当なし,,3,該当なし,該当なし,該当なし,0,35.149025,136.917321,2019-12-06,08:20,blue
本票,愛知,高速道路交通警察隊,0656,負傷,0,1,50010,上,0000,223,昼－昼,晴,非市街地,舗装－乾燥,単路－その他,環状交差点以外 環状交差点以外をいう。,施設なし,対象外当事者,その他,対象外当事者,その他,単路－13.0m以上,直線－平坦,単路（交差点付近を含む）,規制なし,中央分離帯,区分なし,車両相互,35～44歳,45～54歳,乗用車－普通車,貨物車－普通車,自家用,自家用,乗用車,貨物車,70㎞／ｈ以下,70㎞／ｈ以下,前-無,前-後,小破,小破,その他,その他,その他,その他,損傷なし,損傷なし,金,その他,13,その他,走行車線－第一通行帯,完全分離－盛土,直線,平坦・該当なし,,3,該当なし,該当なし,該当なし,0,35.043988,136.932165,2019-12-06,09:55,blue