資料区分,都道府県コード,警察署等コード,本票番号,事故内容,死者数,負傷者数,路線コード,上下線,地点コード,市区町村コード,昼夜,天候,地形,路面状態,道路形状,環状交差点の直径,信号機,一時停止規制　標識（当事者A）,一時停止規制　表示（当事者A）,一時停止規制　標識（当事者B）,一時停止規制　表示（当事者B）,車道幅員,道路線形,衝突地点,ゾーン規制,中央分離帯施設等,歩車道区分,事故類型,年齢（当事者A）,年齢（当事者B）,当事者種別（当事者A）,当事者種別（当事者B）,用途別（当事者A）,用途別（当事者B）,車両形状（当事者A）,車両形状（当事者B）,速度規制（指定のみ）（当事者A）,速度規制（指定のみ）（当事者B）,車両の衝突部位（当事者A）,車両の衝突部位（当事者B）,車両の損壊程度（当事者A）,車両の損壊程度（当事者B）,エアバッグの装備（当事者A）,エアバッグの装備（当事者B）,サイドエアバッグの装備（当事者A）,サイドエアバッグの装備（当事者B）,人身損傷程度（当事者A）,人身損傷程度（当事者B）,曜日(発生年月日),祝日(発生年月日),発生地点,道路管理者区分,道路区分,道路構造,曲線半径,縦断勾配,トンネル番号,当事者車両台数,車両単独事故の対象物,臨時速度規制の有無,速度規制（臨時のみ）,トンネル延長距離,緯度,経度,発生日,発生時,color
本票,愛知,高速道路交通警察隊,0662,負傷,0,3,44110,上,0000,113,昼－昼,晴,市街地－その他,舗装－乾燥,単路－その他,環状交差点以外 環状交差点以外をいう。,施設なし,対象外当事者,その他,対象外当事者,その他,単路－13.0m以上,直線－平坦,単路（交差点付近を含む）,規制なし,中央分離帯,区分あり－路側帯,車両相互,45～54歳,25～34歳,貨物車－準中型車,貨物車－普通車,自家用,自家用,貨物車,貨物車,指定の速度規制なし等,指定の速度規制なし等,前-無,前-後,小破,小破,その他,その他,その他,その他,損傷なし,損傷なし,月,その他,70,中日本高速道路,追越車線,完全分離－切土,直線,平坦・該当なし,,3,該当なし,該当なし,該当なし,0,35.213282,136.978629,2019-12-09,08:05,blue
本票,愛知,高速道路交通警察隊,0667,負傷,0,2,44010,上,0000,203,夜－夜,晴,非市街地,舗装－乾燥,単路－その他,環状交差点以外 環状交差点以外をいう。,施設なし,対象外当事者,その他,対象外当事者,その他,単路－9.0m以上,直線－平坦,単路（交差点付近を含む）,規制なし,中央分離帯,区分あり－路側帯,車両相互,25～34歳,45～54歳,乗用車－普通車,貨物車－普通車,自家用,自家用,乗用車,貨物車,50㎞／ｈ以下,50㎞／ｈ以下,前-無,前-後,小破,小破,装備あり 作動,その他,その他,その他,損傷なし,負傷,木,その他,35,中日本高速道路,走行車線－第一通行帯,完全分離－高架・橋梁,直線,平坦・該当なし,,3,該当なし,該当なし,該当なし,0,35.314581,136.776377,2019-12-12,17:55,blue
本票,愛知,高速道路交通警察隊,0669,負傷,0,4,44010,上,0000,203,夜－夜,晴,非市街地,舗装－乾燥,単路－その他,環状交差点以外 環状交差点以外をいう。,施設なし,対象外当事者,その他,対象外当事者,その他,単路－19.5m以上,直線－平坦,単路（交差点付近を含む）,規制なし,中央分離帯,区分なし,車両相互,55～64歳,35～44歳,乗用車－普通車,乗用車－軽自動車,自家用,自家用,乗用車,乗用車,50㎞／ｈ以下,50㎞／ｈ以下,前-後,前-無,中破,中破,その他,その他,その他,その他,負傷,損傷なし,金,その他,31,中日本高速道路,走行車線－第一通行帯,完全分離－盛土,直線,平坦－１％未満,,4,該当なし,該当なし,50㎞/h以下,0,35.311192,136.774669,2019-12-13,17:45,blue
本票,愛知,高速道路交通警察隊,0672,負傷,0,6,42810,上,0000,111,夜－夜,晴,市街地－その他,舗装－乾燥,単路－橋,環状交差点以外 環状交差点以外をいう。,施設なし,対象外当事者,その他,対象外当事者,その他,単路－5.5m以上,直線－平坦,単路（交差点付近を含む）,規制なし,中央分離帯,区分なし,車両相互,25～34歳,0～24歳,乗用車－普通車,乗用車－軽自動車,自家用,自家用,乗用車,乗用車,50㎞／ｈ以下,50㎞／ｈ以下,前-無,前-後,小破,小破,その他,その他,その他,その他,損傷なし,負傷,日,その他,0,中日本高速道路,追越車線,完全分離－盛土,直線,平坦・該当なし,,3,該当なし,あり－工事等,該当なし,0,35.054093,136.875992,2019-12-15,19:35,blue
本票,愛知,高速道路交通警察隊,0677,負傷,0,2,51510,上,0000,105,夜－暮,雨,非市街地,舗装－湿潤,単路－その他,環状交差点以外 環状交差点以外をいう。,施設なし,対象外当事者,その他,対象外当事者,その他,単路－13.0m以上,直線－平坦,単路（交差点付近を含む）,規制なし,中央分離帯,区分なし,車両相互,25～34歳,25～34歳,貨物車－中型車,乗用車－普通車,事業用,自家用,貨物車,乗用車,60㎞／ｈ以下,60㎞／ｈ以下,前-無,前-後,小破,小破,その他,その他,その他,その他,損傷なし,負傷,火,その他,48,名古屋高速,走行車線－第一通行帯,完全分離－高架・橋梁,直線,平坦・該当なし,,3,該当なし,該当なし,該当なし,0,35.159684,136.891356,2019-12-17,17:10,blue
本票,三重,高速道路交通警察隊,0139,負傷,0,3,44110,上,0000,202,夜－暮,晴,非市街地,舗装－乾燥,単路－その他,環状交差点以外 環状交差点以外をいう。,施設なし,対象外当事者,その他,対象外当事者,その他,単路－13.0m以上,直線－平坦,単路（交差点付近を含む）,規制なし,中央分離帯,区分なし,車両相互,25～34歳,55～64歳,乗用車－普通車,乗用車－普通車,自家用,自家用,乗用車,乗用車,50㎞／ｈ以下,50㎞／ｈ以下,前-無,左前-無,小破,小破,その他,その他,その他,その他,損傷なし,負傷,火,その他,519,中日本高速道路,追越車線,完全分離－その他,直線,平坦・該当なし,,2,該当なし,あり－渋滞,50㎞/h以下,0,35.036950,136.625500,2019-12-10,17:25,blue
本票,大阪,高速道路交通警察隊,0784,負傷,0,2,52090,下,0000,126,夜－夜,晴,市街地－人口集中,舗装－乾燥,単路－その他,環状交差点以外 環状交差点以外をいう。,施設なし,対象外当事者,その他,対象外当事者,その他,単路－13.0m以上,直線－平坦,単路（交差点付近を含む）,規制なし,中央分離帯,区分なし,車両相互,35～44歳,75歳以上,貨物車－中型車,貨物車－軽自動車,事業用,自家用,貨物車,貨物車,60㎞／ｈ以下,60㎞／ｈ以下,右前-無,左前-右前,小破,中破,その他,その他,その他,その他,負傷,負傷,日,その他,114,阪神高速道路,走行車線－第二通行帯以上,完全分離－その他,直線,平坦・該当なし,,3,該当なし,該当なし,該当なし,0,34.593079,135.567961,2019-11-24,21:44,blue
本票,大阪,高速道路交通警察隊,0833,負傷,0,3,51040,上,0000,227,昼－昼,晴,非市街地,舗装－湿潤,単路－その他,環状交差点以外 環状交差点以外をいう。,施設なし,対象外当事者,その他,対象外当事者,その他,単路－13.0m以上,直線－平坦,単路（交差点付近を含む）,規制なし,中央分離なし,区分なし,車両相互,75歳以上,45～54歳,乗用車－普通車,乗用車－普通車,自家用,自家用,乗用車,乗用車,60㎞／ｈ以下,60㎞／ｈ以下,前-無,前-後,小破,小破,装備あり 作動,その他,その他,その他,損傷なし,負傷,金,その他,78,阪神高速道路,走行車線－第二通行帯以上,その他,該当なし,平坦・該当なし,,3,該当なし,該当なし,該当なし,0,34.678727,135.593538,2019-12-20,10:22,blue
本票,大阪,高速道路交通警察隊,0842,負傷,0,4,52030,下,0000,209,夜－夜,晴,非市街地,舗装－乾燥,単路－その他,環状交差点以外 環状交差点以外をいう。,施設なし,対象外当事者,その他,対象外当事者,その他,単路－13.0m以上,直線－平坦,単路（交差点付近を含む）,規制なし,中央分離なし,区分なし,車両相互,35～44歳,55～64歳,貨物車－中型車,乗用車－普通車,事業用,自家用,貨物車,乗用車,60㎞／ｈ以下,60㎞／ｈ以下,前-無,前-後,小破,中破,その他,その他,その他,その他,損傷なし,負傷,金,その他,98,阪神高速道路,走行車線－第二通行帯以上,その他,該当なし,平坦・該当なし,,4,該当なし,該当なし,該当なし,0,34.751674,135.572946,2019-12-20,18:55,blue
本票,大阪,高速道路交通警察隊,0849,負傷,0,1,51040,上,0000,227,夜－暮,晴,非市街地,舗装－乾燥,単路－その他,環状交差点以外 環状交差点以外をいう。,施設なし,対象外当事者,その他,対象外当事者,その他,単路－13.0m以上,直線－平坦,単路（交差点付近を含む）,規制なし,中央分離なし,区分なし,車両相互,0～24歳,35～44歳,貨物車－普通車,乗用車－軽自動車,自家用,自家用,貨物車,乗用車,60㎞／ｈ以下,60㎞／ｈ以下,前-無,前-後,小破,小破,その他,その他,その他,その他,損傷なし,負傷,金,その他,85,阪神高速道路,走行車線－第二通行帯以上,その他,該当なし,平坦・該当なし,,3,該当なし,該当なし,該当なし,0,34.678596,135.600661,2019-12-20,17:23,blue
本票,大阪,高速道路交通警察隊,0850,死亡,2,3,52020,対象外,0000,106,夜－夜,晴,市街地－人口集中,舗装－乾燥,単路－橋,環状交差点以外 環状交差点以外をいう。,施設なし,対象外当事者,その他,対象外当事者,その他,単路－13.0m以上,カーブ・屈折－左－平坦,単路（交差点付近を含む）,規制なし,中央分離帯,区分なし,車両相互,25～34歳,25～34歳,乗用車－普通車,乗用車－軽自動車,自家用,自家用,乗用車,乗用車,50㎞／ｈ以下,50㎞／ｈ以下,前-無,前-無,大破,大破,装備あり 作動,装備あり 作動,その他,その他,負傷,負傷,金,その他,1,阪神高速道路,走行車線－第二通行帯以上,完全分離－その他,カーブ－100m未満,平坦・該当なし,,2,該当なし,該当なし,該当なし,0,34.692571,135.496175,2019-12-27,22:25,red
本票,鳥取,高速道路交通警察隊,0022,負傷,0,1,45190,上,0486,201,夜－夜,曇,非市街地,舗装－湿潤,単路－その他,環状交差点以外 環状交差点以外をいう。,施設なし,対象外当事者,その他,対象外当事者,その他,単路－13.0m以上,直線－平坦,単路（交差点付近を含む）,規制なし,中央分離帯,区分なし,車両相互,0～24歳,25～34歳,乗用車－普通車,乗用車－軽自動車,自家用,自家用,乗用車,乗用車,70㎞／ｈ以下,70㎞／ｈ以下,前-左,前-無,中破,中破,装備あり 作動,装備あり 作動,その他,その他,損傷なし,負傷,金,その他,486,国土交通省,走行車線－第二通行帯以上,完全分離－その他,直線,平坦・該当なし,,2,該当なし,あり－渋滞,50㎞/h以下,0,35.376271,134.204479,2019-11-15,04:55,blue
本票,広島,高速道路交通警察隊,0106,負傷,0,1,54220,下,2485,205,夜－夜,晴,市街地－人口集中,舗装－乾燥,単路－その他,環状交差点以外 環状交差点以外をいう。,施設なし,対象外当事者,その他,対象外当事者,その他,単路－13.0m以上,直線－平坦,単路（交差点付近を含む）,規制なし,中央分離帯,区分なし,車両相互,75歳以上,45～54歳,乗用車－普通車,乗用車－軽自動車,自家用,自家用,乗用車,乗用車,60㎞／ｈ以下,60㎞／ｈ以下,右前-無,右前-無,大破,大破,装備あり 作動,装備あり 作動,その他,その他,負傷,損傷なし,水,その他,2485,国土交通省,走行車線－第二通行帯以上,完全分離－その他,直線,平坦－２％以上,,2,該当なし,該当なし,該当なし,0,34.422805,133.200027,2019-12-04,22:38,blue
本票,山口,高速道路交通警察隊,0085,負傷,0,1,45010,上,4991,213,夜－夜,雨,非市街地,舗装－湿潤,単路－カーブ・屈折,環状交差点以外 環状交差点以外をいう。,施設なし,対象外当事者,その他,対象外当事者,その他,単路－3.5m以上,カーブ・屈折－左－下り,単路（交差点付近を含む）,規制なし,中央分離帯,区分あり－路側帯,車両相互,55～64歳,45～54歳,貨物車－大型車,貨物車－普通車,事業用,自家用,貨物車,貨物車,80㎞／ｈ以下,80㎞／ｈ以下,右前-左前,左前-無,小破,大破,その他,その他,その他,その他,損傷なし,負傷,水,その他,4991,西日本高速道路,走行車線－第一通行帯,完全分離－その他,カーブ－700m以上,上り・下り－３％以上,,2,該当なし,該当なし,該当なし,0,34.163500,131.241139,2019-08-28,20:23,blue
本票,山口,高速道路交通警察隊,0089,負傷,0,1,45110,上,3684,207,夜－夜,曇,非市街地,舗装－乾燥,単路－トンネル,環状交差点以外 環状交差点以外をいう。,施設なし,対象外当事者,その他,対象外当事者,その他,単路－5.5m以上,直線－平坦,単路（交差点付近を含む）,規制なし,中央分離帯,区分なし,車両相互,45～54歳,25～34歳,貨物車－大型車,乗用車－軽自動車,事業用,自家用,貨物車,乗用車,指定の速度規制なし等,指定の速度規制なし等,左前-無,右前-右,小破,中破,その他,その他,その他,その他,損傷なし,負傷,水,その他,3684,西日本高速道路,走行車線－第一通行帯,完全分離－トンネル,直線,平坦・該当なし,福富,2,該当なし,該当なし,該当なし,143,34.044446,131.877779,2019-12-11,23:01,blue
本票,徳島,高速道路交通警察隊,0011,死亡,2,5,46010,上,0781,208,夜－暮,晴,非市街地,舗装－乾燥,単路－トンネル,環状交差点以外 環状交差点以外をいう。,施設なし,対象外当事者,その他,対象外当事者,その他,単路－9.0m以上,直線－平坦,単路（交差点付近を含む）,規制なし,中央線－ポストコーン,区分なし,車両相互,55～64歳,35～44歳,貨物車－大型車,貨物車－普通車,事業用,自家用,貨物車,貨物車,70㎞／ｈ以下,70㎞／ｈ以下,前-無,前-無,大破,大破,装備あり 作動,その他,その他,その他,負傷,死亡,水,その他,781,西日本高速道路,走行車線－第一通行帯,非分離－トンネル,直線,平坦－２％以上,東山,2,該当なし,該当なし,該当なし,890,34.023002,133.794312,2019-12-11,17:46,red
本票,徳島,高速道路交通警察隊,0012,負傷,0,1,46120,下,1029,202,夜－夜,晴,非市街地,舗装－乾燥,単路－その他,環状交差点以外 環状交差点以外をいう。,施設なし,対象外当事者,その他,対象外当事者,その他,単路－19.5m以上,直線－平坦,単路（交差点付近を含む）,規制なし,中央分離帯,区分なし,車両相互,55～64歳,25～34歳,貨物車－大型車,乗用車－普通車,事業用,自家用,貨物車,乗用車,指定の速度規制なし等,指定の速度規制なし等,左前-左,右前-無,小破,中破,その他,その他,その他,その他,損傷なし,損傷なし,日,その他,1029,西日本高速道路,路肩,完全分離－その他,直線,平坦・該当なし,,3,該当なし,該当なし,該当なし,0,34.166423,134.547573,2019-12-08,03:45,blue
本票,香川,高速道路交通警察隊,0026,負傷,0,1,46140,下,1651,201,夜－夜,曇,非市街地,舗装－湿潤,単路－その他,環状交差点以外 環状交差点以外をいう。,施設なし,対象外当事者,その他,対象外当事者,その他,単路－19.5m以上,直線－平坦,単路（交差点付近を含む）,規制なし,中央分離帯,区分なし,車両相互,35～44歳,25～34歳,乗用車－普通車,乗用車－普通車,自家用,自家用,乗用車,乗用車,80㎞／ｈ以下,80㎞／ｈ以下,前-無,前-後,小破,中破,その他,その他,その他,その他,損傷なし,損傷なし,火,その他,1651,西日本高速道路,追越車線,完全分離－高架・橋梁,直線,平坦・該当なし,,3,該当なし,該当なし,該当なし,0,34.294957,133.989607,2019-12-17,19:20,blue
本票,愛媛,高速道路交通警察隊,0034,負傷,0,2,46040,対象外,0000,201,昼－昼,晴,市街地－その他,舗装－乾燥,交差点付近－その他,環状交差点以外 環状交差点以外をいう。,施設なし,対象外当事者,その他,対象外当事者,その他,単路－5.5m以上,直線－平坦,単路（交差点付近を含む）,規制なし,中央分離帯,区分なし,車両相互,25～34歳,65～74歳,乗用車－普通車,乗用車－普通車,自家用,自家用,乗用車,乗用車,40㎞／ｈ以下,40㎞／ｈ以下,前-無,前-無,中破,中破,その他,その他,その他,その他,損傷なし,負傷,土,その他,0,西日本高速道路,料金所等付近－その他 ランプウェイに設置された料金所及びこれに接続する広場をいう。,その他,該当なし,平坦・該当なし,,2,該当なし,該当なし,40㎞/h以下,0,33.801180,132.778025,2019-11-30,09:45,blue
本票,福岡,高速道路交通警察隊,1085,負傷,0,5,47020,下,0228,107,夜－夜,雨,市街地－その他,舗装－湿潤,単路－その他,環状交差点以外 環状交差点以外をいう。,施設なし,対象外当事者,その他,対象外当事者,その他,単路－9.0m以上,直線－平坦,単路（交差点付近を含む）,規制なし,中央分離帯,区分あり－路側帯,車両相互,25～34歳,0～24歳,貨物車－大型車,貨物車－普通車,事業用,自家用,貨物車,貨物車,指定の速度規制なし等,指定の速度規制なし等,左前-左,左前-前,小破,大破,その他,装備あり 作動,その他,その他,損傷なし,負傷,土,その他,228,福岡・北九州高速,走行車線－第二通行帯以上,完全分離－その他,直線,平坦・該当なし,,2,該当なし,あり－異常気象,80㎞/h以下,0,33.808782,130.827316,2019-09-21,02:51,blue
本票,福岡,高速道路交通警察隊,1091,負傷,0,1,47010,上,0314,109,夜－夜,雨,市街地－その他,舗装－湿潤,単路－カーブ・屈折,環状交差点以外 環状交差点以外をいう。,施設なし,対象外当事者,その他,対象外当事者,その他,単路－5.5m以上,カーブ・屈折－右－平坦,単路（交差点付近を含む）,規制なし,中央分離帯,区分あり－路側帯,車両相互,0～24歳,25～34歳,乗用車－普通車,貨物車－普通車,自家用,自家用,乗用車,貨物車,40㎞／ｈ以下,40㎞／ｈ以下,右前-右,左前-左,小破,小破,その他,その他,その他,その他,負傷,損傷なし,水,その他,314,西日本高速道路,走行車線－第二通行帯以上,完全分離－その他,カーブ－500m以上,平坦・該当なし,,2,該当なし,該当なし,40㎞/h以下,0,33.782162,130.743664,2019-12-25,18:46,blue
本票,福岡,高速道路交通警察隊,1595,負傷,0,2,50610,上,0061,106,昼－昼,晴,市街地－人口集中,舗装－乾燥,単路－その他,環状交差点以外 環状交差点以外をいう。,施設なし,対象外当事者,その他,対象外当事者,その他,単路－9.0m以上,直線－平坦,単路（交差点付近を含む）,規制なし,中央分離帯,区分あり－路側帯,車両相互,35～44歳,35～44歳,乗用車－普通車,乗用車－普通車,自家用,自家用,乗用車,乗用車,60㎞／ｈ以下,60㎞／ｈ以下,左前-無,右前-右後,小破,小破,その他,その他,その他,その他,損傷なし,負傷,日,前日,61,福岡・北九州高速,走行車線－第二通行帯以上,完全分離－その他,直線,平坦・該当なし,,2,該当なし,該当なし,該当なし,0,33.869242,130.870340,2019-10-13,15:10,blue
本票,大分,高速道路交通警察隊,0024,負傷,0,3,47140,下,0482,204,昼－昼,晴,非市街地,舗装－乾燥,単路－トンネル,環状交差点以外 環状交差点以外をいう。,施設なし,対象外当事者,その他,対象外当事者,その他,単路－9.0m以上,直線－平坦,単路（交差点付近を含む）,規制なし,中央分離帯,区分あり－縁石・ブロック等,車両相互,35～44歳,35～44歳,乗用車－普通車,乗用車－普通車,自家用,自家用,乗用車,乗用車,80㎞／ｈ以下,80㎞／ｈ以下,右前-無,左前-無,小破,小破,その他,その他,その他,その他,損傷なし,負傷,日,その他,482,西日本高速道路,走行車線－第二通行帯以上,完全分離－トンネル,直線,平坦・該当なし,諏訪第一,2,該当なし,該当なし,該当なし,197,33.314694,130.987340,2019-11-17,14:15,blue
本票,北海道（札幌方面）,高速道路交通警察隊,0002,負傷,0,1,40010,上,0000,213,夜－明,晴,非市街地,舗装－乾燥,単路－その他,環状交差点以外 環状交差点以外をいう。,施設なし,対象外当事者,その他,対象外当事者,その他,単路－9.0m以上,直線－平坦,単路（交差点付近を含む）,規制なし,中央分離帯,区分なし,車両相互,65～74歳,45～54歳,乗用車－普通車,貨物車－普通車,自家用,事業用,乗用車,貨物車,指定の速度規制なし等,指定の速度規制なし等,左前-無,前-右後,中破,中破,その他,その他,その他,その他,損傷なし,負傷,木,その他,467,東日本高速道路,走行車線－第二通行帯以上,完全分離－切土,直線,平坦・該当なし,,2,該当なし,該当なし,該当なし,0,42.713091,141.652357,2020-01-16,06:39,blue
本票,北海道（旭川方面）,函館機動警察隊,0003,負傷,0,1,50040,下,0000,434,昼－昼,曇,非市街地,舗装－乾燥,単路－カーブ・屈折,環状交差点以外 環状交差点以外をいう。,施設なし,対象外当事者,その他,対象外当事者,その他,単路－3.5m以上,カーブ・屈折－左－平坦,単路（交差点付近を含む）,規制なし,中央線－ポストコーン,区分なし,車両相互,35～44歳,25～34歳,乗用車－普通車,貨物車－普通車,自家用,自家用,乗用車,貨物車,50㎞／ｈ以下,50㎞／ｈ以下,左前-無,前-無,中破,中破,装備あり 作動,装備あり 作動,その他,その他,負傷,損傷なし,日,その他,159,国土交通省,走行車線－第一通行帯,非分離－その他,カーブ－1000m以上,平坦・該当なし,,2,該当なし,該当なし,50㎞/h以下,0,43.802286,141.940057,2020-01-19,14:42,blue
本票,北海道（旭川方面）,函館機動警察隊,0004,負傷,0,2,40140,下,0000,463,昼－昼,曇,非市街地,舗装－凍結,単路－橋,環状交差点以外 環状交差点以外をいう。,施設なし,対象外当事者,その他,対象外当事者,その他,単路－9.0m以上,カーブ・屈折－右－下り,単路（交差点付近を含む）,規制なし,中央線－ポストコーン,区分なし,車両相互,25～34歳,35～44歳,乗用車－普通車,乗用車－軽自動車,自家用,自家用,乗用車,乗用車,50㎞／ｈ以下,50㎞／ｈ以下,右前-無,右前-無,大破,大破,装備あり 作動,その他,その他,その他,負傷,損傷なし,火,前日,761,東日本高速道路,走行車線－第一通行帯,非分離－高架・橋梁,カーブ－700m以上,上り・下り－３％以上,,2,該当なし,あり－異常気象,50㎞/h以下,0,42.976419,142.405560,2019-12-31,14:40,blue
本票,東京,高速道路交通警察隊,0018,負傷,0,2,50220,下,0000,108,昼－昼,晴,市街地－人口集中,舗装－乾燥,単路－その他,環状交差点以外 環状交差点以外をいう。,施設なし,対象外当事者,その他,対象外当事者,その他,単路－5.5m以上,直線－平坦,単路（交差点付近を含む）,規制なし,中央分離帯,区分なし,車両相互,35～44歳,35～44歳,貨物車－準中型車,乗用車－普通車,事業用,自家用,貨物車,乗用車,60㎞／ｈ以下,60㎞／ｈ以下,前-前,前-後,小破,小破,その他,その他,その他,その他,損傷なし,負傷,木,その他,33,首都高速道路,走行車線－第二通行帯以上,完全分離－高架・橋梁,直線,平坦－１％未満,,3,該当なし,該当なし,該当なし,0,35.693640,139.825415,2019-08-08,14:55,blue
本票,東京,高速道路交通警察隊,0023,負傷,0,5,50080,下,0000,106,夜－夜,晴,市街地－人口集中,舗装－乾燥,単路－その他,環状交差点以外 環状交差点以外をいう。,施設なし,対象外当事者,その他,対象外当事者,その他,単路－5.5m以上,直線－平坦,単路（交差点付近を含む）,規制なし,中央分離帯,区分なし,車両相互,35～44歳,25～34歳,乗用車－普通車,貨物車－軽自動車,自家用,自家用,乗用車,貨物車,40㎞／ｈ以下,40㎞／ｈ以下,前-無,前-後,中破,中破,その他,その他,その他,その他,損傷なし,負傷,土,その他,0,首都高速道路,走行車線－第一通行帯,完全分離－その他,直線,平坦・該当なし,,3,該当なし,該当なし,該当なし,0,35.715622,139.780468,2019-11-16,18:17,blue
本票,埼玉,高速道路交通警察隊,0032,負傷,0,1,42130,上,0000,221,夜－明,晴,非市街地,舗装－乾燥,単路－その他,環状交差点以外 環状交差点以外をいう。,施設なし,対象外当事者,その他,対象外当事者,その他,単路－5.5m以上,直線－平坦,単路（交差点付近を含む）,規制なし,中央分離帯,区分あり－路側帯,車両相互,35～44歳,0～24歳,貨物車－中型車,乗用車－普通車,自家用,自家用,貨物車,乗用車,80㎞／ｈ以下,80㎞／ｈ以下,前-無,前-無,中破,中破,装備あり 作動,その他,その他,その他,損傷なし,負傷,木,その他,238,東日本高速道路,走行車線－第二通行帯以上,完全分離－その他,直線,平坦－１％未満,,3,該当なし,該当なし,該当なし,0,35.848031,139.808720,2020-01-16,06:35,blue
本票,神奈川,高速道路交通警察隊,0001,負傷,0,1,51010,下,0000,112,昼－昼,晴,非市街地,舗装－乾燥,単路－その他,環状交差点以外 環状交差点以外をいう。,施設なし,対象外当事者,その他,対象外当事者,その他,単路－13.0m以上,直線－平坦,単路（交差点付近を含む）,規制なし,中央分離帯,区分あり－路側帯,車両相互,45～54歳,35～44歳,乗用車－普通車,二輪車－自動二輪－軽二輪－126～250cc,自家用,自家用,乗用車,対象外当事者,80㎞／ｈ以下,80㎞／ｈ以下,左前-無,前-無,小破,小破,その他,対象外当事者,その他,対象外当事者,損傷なし,負傷,木,その他,84,国土交通省,走行車線－第一通行帯,完全分離－盛土,該当なし,平坦・該当なし,,3,該当なし,該当なし,該当なし,0,35.496494,139.494755,2020-01-02,12:05,blue
本票,神奈川,高速道路交通警察隊,0015,負傷,0,1,50040,下,0000,101,昼－昼,雨,非市街地,舗装－湿潤,単路－その他,環状交差点以外 環状交差点以外をいう。,施設なし,対象外当事者,その他,対象外当事者,その他,単路－9.0m以上,直線－平坦,単路（交差点付近を含む）,規制なし,中央分離帯,区分なし,車両相互,55～64歳,25～34歳,貨物車－大型車,乗用車－普通車,事業用,自家用,貨物車,乗用車,60㎞／ｈ以下,60㎞／ｈ以下,左前-右前,前-右,小破,中破,その他,その他,その他,その他,損傷なし,負傷,土,その他,64,首都高速道路,追越車線,完全分離－高架・橋梁,該当なし,平坦・該当なし,,2,該当なし,該当なし,該当なし,0,35.503150,139.700187,2020-01-18,10:20,blue
本票,神奈川,高速道路交通警察隊,0024,負傷,0,1,52090,上,0000,153,昼－明,曇,非市街地,舗装－乾燥,単路－その他,環状交差点以外 環状交差点以外をいう。,施設なし,対象外当事者,その他,対象外当事者,その他,単路－9.0m以上,直線－上り,単路（交差点付近を含む）,規制なし,中央分離帯,区分あり－防護柵等,車両相互,0～24歳,45～54歳,乗用車－普通車,貨物車－普通車,自家用,自家用,乗用車,貨物車,40㎞／ｈ以下,40㎞／ｈ以下,前-無,右前-前,中破,中破,装備あり 作動,装備あり 作動,その他,その他,負傷,損傷なし,金,その他,211,中日本高速道路,ランプウェイ－出路 減速車線（減速車線のない場合は本線車道）から一般道路に至るまでの部分をいう（料金所付近を除く。）。,その他,該当なし,平坦・該当なし,,2,該当なし,該当なし,該当なし,0,35.526586,139.360653,2020-01-24,07:42,blue
本票,神奈川,高速道路交通警察隊,0025,負傷,0,2,52090,上,0000,153,昼－昼,晴,非市街地,舗装－乾燥,単路－その他,環状交差点以外 環状交差点以外をいう。,施設なし,対象外当事者,その他,対象外当事者,その他,単路－9.0m以上,直線－平坦,単路（交差点付近を含む）,規制なし,中央分離帯,区分なし,車両相互,65～74歳,0～24歳,貨物車－普通車,貨物車－軽自動車,自家用,自家用,貨物車,貨物車,40㎞／ｈ以下,40㎞／ｈ以下,左前-無,右前-無,小破,小破,その他,その他,その他,その他,損傷なし,負傷,土,その他,213,中日本高速道路,ランプウェイ－出路 減速車線（減速車線のない場合は本線車道）から一般道路に至るまでの部分をいう（料金所付近を除く。）。,その他,該当なし,平坦・該当なし,,2,該当なし,該当なし,該当なし,0,35.527283,139.356851,2020-01-25,13:00,blue
本票,静岡,高速道路交通警察隊,0022,負傷,0,1,42720,対象外,0000,213,昼－昼,晴,非市街地,舗装－乾燥,一般交通の場所,環状交差点以外 環状交差点以外をいう。,施設なし,対象外当事者,その他,対象外当事者,その他,一般交通の場所,一般交通の場所,その他,規制なし,一般交通の場所,区分あり－防護柵等,車両相互,35～44歳,45～54歳,乗用車－普通車,乗用車－普通車,自家用,自家用,乗用車,乗用車,指定の速度規制なし等,指定の速度規制なし等,左前-無,右前-無,小破,小破,その他,その他,その他,その他,損傷なし,負傷,月,当日,2097,中日本高速道路,パーキングエリア,その他,該当なし,平坦・該当なし,,2,該当なし,該当なし,該当なし,0,34.760599,138.003681,2020-01-13,15:40,blue