資料区分,都道府県コード,警察署等コード,本票番号,事故内容,死者数,負傷者数,路線コード,上下線,地点コード,市区町村コード,昼夜,天候,地形,路面状態,道路形状,環状交差点の直径,信号機,一時停止規制　標識（当事者A）,一時停止規制　表示（当事者A）,一時停止規制　標識（当事者B）,一時停止規制　表示（当事者B）,車道幅員,道路線形,衝突地点,ゾーン規制,中央分離帯施設等,歩車道区分,事故類型,年齢（当事者A）,年齢（当事者B）,当事者種別（当事者A）,当事者種別（当事者B）,用途別（当事者A）,用途別（当事者B）,車両形状（当事者A）,車両形状（当事者B）,速度規制（指定のみ）（当事者A）,速度規制（指定のみ）（当事者B）,車両の衝突部位（当事者A）,車両の衝突部位（当事者B）,車両の損壊程度（当事者A）,車両の損壊程度（当事者B）,エアバッグの装備（当事者A）,エアバッグの装備（当事者B）,サイドエアバッグの装備（当事者A）,サイドエアバッグの装備（当事者B）,人身損傷程度（当事者A）,人身損傷程度（当事者B）,曜日(発生年月日),祝日(発生年月日),発生地点,道路管理者区分,道路区分,道路構造,曲線半径,縦断勾配,トンネル番号,当事者車両台数,車両単独事故の対象物,臨時速度規制の有無,速度規制（臨時のみ）,トンネル延長距離,緯度,経度,発生日,発生時,color
本票,愛知,高速道路交通警察隊,0004,負傷,0,4,42820,下,0000,222,昼－昼,晴,非市街地,舗装－乾燥,単路－その他,環状交差点以外 環状交差点以外をいう。,施設なし,対象外当事者,その他,対象外当事者,その他,単路－9.0m以上,直線－平坦,単路（交差点付近を含む）,規制なし,中央分離帯,区分なし,車両相互,35～44歳,45～54歳,貨物車－準中型車,乗用車－普通車,自家用,自家用,貨物車,乗用車,50㎞／ｈ以下,50㎞／ｈ以下,前-無,前-後,小破,小破,その他,その他,その他,その他,損傷なし,負傷,土,その他,291,中日本高速道路,追越車線,完全分離－高架・橋梁,直線,平坦・該当なし,,5,該当なし,該当なし,該当なし,0,35.049509,136.908833,2019-12-28,08:50,blue
本票,愛知,高速道路交通警察隊,0006,負傷,0,4,44200,下,0000,235,昼－昼,晴,非市街地,舗装－乾燥,単路－その他,環状交差点以外 環状交差点以外をいう。,施設なし,対象外当事者,その他,対象外当事者,その他,単路－9.0m以上,直線－平坦,単路（交差点付近を含む）,規制なし,中央分離帯,区分なし,車両相互,25～34歳,35～44歳,乗用車－普通車,乗用車－普通車,自家用,自家用,乗用車,乗用車,50㎞／ｈ以下,50㎞／ｈ以下,前-無,前-後,小破,小破,その他,その他,その他,その他,損傷なし,負傷,金,その他,384,中日本高速道路,追越車線,完全分離－高架・橋梁,直線,平坦・該当なし,,3,該当なし,あり－渋滞,50㎞/h以下,0,35.051795,136.807344,2020-01-03,09:25,blue
本票,愛知,高速道路交通警察隊,0009,負傷,0,7,42710,上,0000,202,昼－昼,晴,非市街地,舗装－乾燥,単路－その他,環状交差点以外 環状交差点以外をいう。,施設なし,対象外当事者,その他,対象外当事者,その他,単路－5.5m以上,直線－平坦,単路（交差点付近を含む）,規制なし,中央分離帯,区分あり－路側帯,車両相互,35～44歳,25～34歳,乗用車－普通車,乗用車－普通車,自家用,自家用,乗用車,乗用車,指定の速度規制なし等,指定の速度規制なし等,前-無,前-後,小破,小破,その他,その他,装備あり 作動,装備あり 作動,損傷なし,負傷,土,その他,3007,中日本高速道路,追越車線,完全分離－その他,直線,平坦・該当なし,,4,該当なし,該当なし,該当なし,0,35.004699,137.175618,2020-01-04,10:30,blue
本票,愛知,高速道路交通警察隊,0010,負傷,0,5,42620,下,0000,219,昼－昼,曇,市街地－その他,舗装－乾燥,単路－その他,環状交差点以外 環状交差点以外をいう。,施設なし,対象外当事者,その他,対象外当事者,その他,単路－9.0m以上,直線－平坦,単路（交差点付近を含む）,規制なし,中央分離帯,区分あり－防護柵等,車両相互,65～74歳,0～24歳,乗用車－普通車,乗用車－普通車,自家用,自家用,乗用車,乗用車,80㎞／ｈ以下,80㎞／ｈ以下,前-無,前-後,小破,小破,その他,その他,その他,その他,損傷なし,負傷,土,その他,3425,中日本高速道路,追越車線,完全分離－切土,直線,平坦・該当なし,,3,該当なし,該当なし,該当なし,0,35.296173,136.989651,2020-01-04,15:32,blue
本票,愛知,高速道路交通警察隊,0013,負傷,0,3,51510,上,0000,107,昼－暮,晴,市街地－その他,舗装－乾燥,単路－その他,環状交差点以外 環状交差点以外をいう。,施設なし,対象外当事者,その他,対象外当事者,その他,単路－5.5m以上,直線－平坦,単路（交差点付近を含む）,規制なし,中央分離帯,区分なし,車両相互,25～34歳,25～34歳,乗用車－普通車,乗用車－普通車,自家用,自家用,乗用車,乗用車,60㎞／ｈ以下,60㎞／ｈ以下,前-無,前-後,中破,中破,その他,その他,その他,その他,損傷なし,負傷,日,その他,16,名古屋高速,追越車線,完全分離－高架・橋梁,直線,平坦・該当なし,,4,該当なし,該当なし,60㎞/h以下,0,35.151328,136.917144,2020-01-05,16:50,blue
本票,愛知,高速道路交通警察隊,0016,負傷,0,1,52020,下,0000,111,夜－夜,晴,市街地－その他,舗装－乾燥,単路－橋,環状交差点以外 環状交差点以外をいう。,施設なし,対象外当事者,その他,対象外当事者,その他,単路－13.0m以上,直線－平坦,単路（交差点付近を含む）,規制なし,中央分離帯,区分あり－防護柵等,車両相互,35～44歳,45～54歳,乗用車－普通車,乗用車－普通車,自家用,自家用,乗用車,乗用車,100㎞/h以下,100㎞/h以下,前-無,前-後,中破,中破,その他,その他,その他,その他,損傷なし,負傷,土,当日,321,中日本高速道路,追越車線,完全分離－高架・橋梁,直線,平坦・該当なし,,3,該当なし,該当なし,該当なし,0,35.053812,136.876544,2019-11-23,20:35,blue
本票,愛知,高速道路交通警察隊,0021,負傷,0,5,42710,上,0000,201,夜－夜,晴,非市街地,舗装－乾燥,単路－その他,環状交差点以外 環状交差点以外をいう。,施設なし,対象外当事者,その他,対象外当事者,その他,単路－13.0m以上,直線－平坦,単路（交差点付近を含む）,規制なし,中央分離帯,区分なし,車両相互,45～54歳,25～34歳,乗用車－普通車,乗用車－普通車,自家用,自家用,乗用車,乗用車,50㎞／ｈ以下,50㎞／ｈ以下,前-無,前-後,小破,中破,装備あり 作動,その他,その他,その他,損傷なし,負傷,火,その他,2656,中日本高速道路,追越車線,完全分離－盛土,直線,平坦・該当なし,,4,該当なし,あり－工事等,50㎞/h以下,0,34.844319,137.449498,2020-01-14,18:05,blue
本票,愛知,高速道路交通警察隊,0028,負傷,0,2,51510,上,0000,107,昼－昼,雨,市街地－その他,舗装－湿潤,単路－その他,環状交差点以外 環状交差点以外をいう。,施設なし,対象外当事者,その他,対象外当事者,その他,単路－9.0m以上,直線－平坦,その他,規制なし,中央分離帯,区分なし,車両相互,35～44歳,25～34歳,乗用車－普通車,貨物車－普通車,自家用,自家用,乗用車,貨物車,60㎞／ｈ以下,60㎞／ｈ以下,右前-無,左前-無,小破,小破,その他,その他,その他,その他,損傷なし,負傷,月,その他,19,名古屋高速,走行車線－第二通行帯以上,完全分離－高架・橋梁,直線,平坦・該当なし,,2,該当なし,該当なし,該当なし,0,35.150231,136.915223,2019-12-30,14:27,blue
本票,愛知,高速道路交通警察隊,0043,負傷,0,2,42630,上,0000,203,昼－明,晴,市街地－その他,舗装－湿潤,単路－その他,環状交差点以外 環状交差点以外をいう。,施設なし,対象外当事者,その他,対象外当事者,その他,単路－9.0m以上,直線－平坦,単路（交差点付近を含む）,規制なし,中央分離帯,区分あり－防護柵等,車両相互,65～74歳,35～44歳,乗用車－普通車,乗用車－普通車,自家用,自家用,乗用車,乗用車,50㎞／ｈ以下,50㎞／ｈ以下,前-無,前-後,小破,小破,その他,その他,その他,その他,損傷なし,負傷,水,その他,3588,中日本高速道路,追越車線,完全分離－高架・橋梁,直線,平坦・該当なし,,3,該当なし,あり－渋滞,50㎞/h以下,0,35.281539,136.787707,2020-01-29,07:25,blue
本票,三重,高速道路交通警察隊,0010,死亡,1,3,50010,上,0000,216,昼－暮,晴,非市街地,舗装－乾燥,単路－その他,環状交差点以外 環状交差点以外をいう。,施設なし,対象外当事者,その他,対象外当事者,その他,単路－9.0m以上,直線－平坦,単路（交差点付近を含む）,規制なし,中央分離帯,区分なし,車両相互,45～54歳,75歳以上,貨物車－大型車,貨物車－軽自動車,事業用,自家用,貨物車,貨物車,70㎞／ｈ以下,70㎞／ｈ以下,前-右前,前-左,中破,大破,その他,装備あり 作動,その他,その他,負傷,死亡,金,その他,365,国土交通省,追越車線,完全分離－切土,直線,平坦・該当なし,,3,該当なし,該当なし,該当なし,0,34.732520,136.099500,2020-01-31,16:42,red
本票,大阪,高速道路交通警察隊,0003,負傷,0,1,52050,下,0000,141,昼－明,晴,市街地－人口集中,舗装－乾燥,単路－その他,環状交差点以外 環状交差点以外をいう。,施設なし,対象外当事者,その他,対象外当事者,その他,単路－5.5m以上,直線－平坦,単路（交差点付近を含む）,規制なし,中央分離帯,区分なし,車両相互,0～24歳,65～74歳,乗用車－普通車,乗用車－軽自動車,自家用,自家用,乗用車,乗用車,60㎞／ｈ以下,60㎞／ｈ以下,左前-左後,右前-右,小破,小破,その他,その他,その他,その他,損傷なし,負傷,火,その他,97,阪神高速道路,走行車線－第一通行帯,完全分離－その他,直線,平坦－１％未満,,2,該当なし,該当なし,60㎞/h以下,0,34.595158,135.485121,2019-12-24,08:01,blue
本票,大阪,高速道路交通警察隊,0004,負傷,0,1,44170,上,0000,205,夜－夜,晴,市街地－人口集中,舗装－乾燥,単路－その他,環状交差点以外 環状交差点以外をいう。,施設なし,対象外当事者,その他,対象外当事者,その他,単路－13.0m以上,直線－平坦,単路（交差点付近を含む）,規制なし,中央分離帯,区分なし,車両相互,65～74歳,55～64歳,乗用車－普通車,乗用車－普通車,自家用,自家用,乗用車,乗用車,40㎞／ｈ以下,40㎞／ｈ以下,左前-無,右前-無,小破,小破,その他,その他,その他,その他,損傷なし,負傷,火,その他,4,西日本高速道路,走行車線－第一通行帯,完全分離－その他,直線,平坦・該当なし,,2,該当なし,該当なし,該当なし,0,34.808094,135.548168,2019-12-24,18:22,blue
本票,大阪,高速道路交通警察隊,0012,負傷,0,6,51090,上,0000,111,昼－昼,曇,非市街地,舗装－乾燥,単路－その他,環状交差点以外 環状交差点以外をいう。,施設なし,対象外当事者,その他,対象外当事者,その他,単路－5.5m以上,直線－平坦,単路（交差点付近を含む）,規制なし,中央分離帯,区分なし,車両相互,45～54歳,45～54歳,乗用車－普通車,乗用車－普通車,自家用,自家用,乗用車,乗用車,60㎞／ｈ以下,60㎞／ｈ以下,前-後,前-無,中破,中破,その他,その他,その他,その他,負傷,損傷なし,日,その他,4,阪神高速道路,走行車線－第二通行帯以上,完全分離－高架・橋梁,直線,平坦・該当なし,,4,該当なし,該当なし,該当なし,0,34.652819,135.507868,2019-12-08,11:50,blue
本票,大阪,高速道路交通警察隊,0031,負傷,0,3,50010,下,0000,128,昼－昼,晴,非市街地,舗装－乾燥,単路－その他,環状交差点以外 環状交差点以外をいう。,施設なし,対象外当事者,その他,対象外当事者,その他,単路－19.5m以上,直線－平坦,単路（交差点付近を含む）,規制なし,中央分離なし,区分なし,車両相互,45～54歳,65～74歳,乗用車－普通車,乗用車－普通車,自家用,自家用,乗用車,乗用車,60㎞／ｈ以下,60㎞／ｈ以下,前-無,前-後,中破,中破,その他,その他,その他,その他,損傷なし,負傷,月,当日,20,阪神高速道路,走行車線－第二通行帯以上,その他,該当なし,平坦・該当なし,,3,該当なし,該当なし,60㎞/h以下,0,34.687017,135.497928,2020-01-13,13:04,blue
本票,兵庫,高速道路交通警察隊,0015,負傷,0,1,50230,上,0735,210,夜－明,晴,非市街地,舗装－乾燥,単路－その他,環状交差点以外 環状交差点以外をいう。,施設なし,対象外当事者,その他,対象外当事者,その他,単路－13.0m以上,直線－平坦,単路（交差点付近を含む）,規制なし,中央分離帯,区分あり－路側帯,車両相互,75歳以上,55～64歳,乗用車－軽自動車,特殊車－大型－その他,自家用,対象外当事者,乗用車,対象外当事者,60㎞／ｈ以下,60㎞／ｈ以下,右前-無,左前-無,小破,小破,その他,対象外当事者,その他,対象外当事者,損傷なし,負傷,月,その他,725,国土交通省,走行車線－第一通行帯,完全分離－盛土,直線,平坦・該当なし,,2,該当なし,該当なし,該当なし,0,34.769661,134.846026,2019-12-09,06:45,blue
本票,兵庫,高速道路交通警察隊,0046,負傷,0,2,50030,上,0165,204,昼－暮,晴,市街地－人口集中,舗装－乾燥,単路－橋,環状交差点以外 環状交差点以外をいう。,施設なし,対象外当事者,その他,対象外当事者,その他,単路－13.0m以上,カーブ・屈折－右－平坦,単路（交差点付近を含む）,規制なし,中央分離帯,区分あり－路側帯,車両相互,25～34歳,0～24歳,貨物車－準中型車,乗用車－普通車,自家用,自家用,貨物車,乗用車,60㎞／ｈ以下,60㎞／ｈ以下,前-無,前-無,損壊なし,小破,その他,その他,その他,その他,損傷なし,負傷,木,その他,155,阪神高速道路,走行車線－第二通行帯以上,完全分離－高架・橋梁,カーブ－1000m以上,平坦・該当なし,,2,該当なし,該当なし,該当なし,0,34.735876,135.344643,2020-01-30,17:10,blue
本票,岡山,高速道路交通警察隊,0001,負傷,0,1,45120,下,0000,101,昼－昼,晴,非市街地,舗装－乾燥,単路－その他,環状交差点以外 環状交差点以外をいう。,施設なし,対象外当事者,その他,対象外当事者,その他,単路－5.5m以上,直線－平坦,単路（交差点付近を含む）,規制なし,中央分離帯,区分あり－防護柵等,車両相互,45～54歳,65～74歳,乗用車－普通車,乗用車－普通車,自家用,自家用,乗用車,乗用車,80㎞／ｈ以下,80㎞／ｈ以下,前-無,前-後,中破,中破,装備あり 作動,その他,その他,その他,損傷なし,負傷,日,その他,1308,西日本高速道路,追越車線,完全分離－盛土,直線,平坦・該当なし,,4,該当なし,該当なし,該当なし,0,34.720012,133.948786,2019-12-29,09:07,blue
本票,山口,高速道路交通警察隊,0003,負傷,0,2,45110,上,3386,208,昼－昼,晴,市街地－人口集中,舗装－乾燥,単路－その他,環状交差点以外 環状交差点以外をいう。,施設なし,対象外当事者,その他,対象外当事者,その他,単路－3.5m以上,直線－上り,単路（交差点付近を含む）,規制なし,中央分離帯,区分なし,車両相互,35～44歳,35～44歳,乗用車－普通車,乗用車－軽自動車,自家用,自家用,乗用車,乗用車,80㎞／ｈ以下,80㎞／ｈ以下,前-後,前-後,小破,大破,その他,その他,その他,その他,損傷なし,負傷,土,その他,3386,西日本高速道路,追越車線,完全分離－その他,直線,上り・下り－３％以上,,3,該当なし,該当なし,80㎞/h以下,0,34.141707,132.121438,2020-01-04,14:18,blue
本票,福岡,高速道路交通警察隊,0006,負傷,0,4,47010,上,1249,229,昼－昼,晴,市街地－その他,舗装－乾燥,単路－その他,環状交差点以外 環状交差点以外をいう。,施設なし,対象外当事者,その他,対象外当事者,その他,単路－13.0m以上,直線－平坦,単路（交差点付近を含む）,規制なし,中央分離帯,区分あり－路側帯,車両相互,25～34歳,0～24歳,乗用車－普通車,乗用車－軽自動車,自家用,自家用,乗用車,乗用車,100㎞/h以下,100㎞/h以下,前-無,前-無,大破,大破,その他,装備あり 作動,その他,その他,損傷なし,負傷,土,当日,1249,西日本高速道路,走行車線－第二通行帯以上,完全分離－その他,直線,平坦・該当なし,,3,該当なし,該当なし,該当なし,0,33.155199,130.509308,2019-11-23,09:49,blue
本票,福岡,高速道路交通警察隊,0505,負傷,0,1,47010,上,0578,223,昼－昼,雨,市街地－その他,舗装－湿潤,交差点付近－その他,環状交差点以外 環状交差点以外をいう。,施設なし,対象外当事者,その他,対象外当事者,その他,単路－5.5m以上,直線－平坦,その他,規制なし,中央分離帯,区分あり－防護柵等,車両相互,55～64歳,35～44歳,乗用車－普通車,貨物車－軽自動車,自家用,事業用,乗用車,貨物車,40㎞／ｈ以下,40㎞／ｈ以下,左前-無,右前-無,小破,小破,その他,その他,その他,その他,負傷,損傷なし,火,その他,578,西日本高速道路,料金所等付近－その他 ランプウェイに設置された料金所及びこれに接続する広場をいう。,その他,該当なし,平坦・該当なし,,2,該当なし,該当なし,40㎞/h以下,0,33.720130,130.486856,2020-01-14,14:34,blue
本票,福岡,高速道路交通警察隊,0512,負傷,0,3,51080,下,0003,131,昼－暮,曇,市街地－人口集中,舗装－乾燥,単路－その他,環状交差点以外 環状交差点以外をいう。,施設なし,対象外当事者,その他,対象外当事者,その他,単路－5.5m以上,直線－下り,単路（交差点付近を含む）,規制なし,中央分離帯,区分あり－路側帯,車両相互,75歳以上,35～44歳,乗用車－普通車,乗用車－普通車,自家用,自家用,乗用車,乗用車,60㎞／ｈ以下,60㎞／ｈ以下,左前-無,右前-無,小破,小破,その他,その他,その他,その他,損傷なし,負傷,月,その他,3,福岡・北九州高速,走行車線－第一通行帯,完全分離－高低分離,直線,上り・下り－３％以上,,2,該当なし,該当なし,60㎞/h以下,0,33.634783,130.423487,2019-12-23,16:51,blue
本票,岩手,高速道路交通警察隊,0004,負傷,0,1,50200,上,2381,482,昼－昼,曇,非市街地,舗装－凍結,単路－その他,環状交差点以外 環状交差点以外をいう。,施設なし,対象外当事者,その他,対象外当事者,その他,単路－9.0m以上,直線－平坦,単路（交差点付近を含む）,規制なし,中央線－ポストコーン,区分なし,車両相互,0～24歳,45～54歳,乗用車－普通車,乗用車－軽自動車,自家用,自家用,乗用車,乗用車,50㎞／ｈ以下,50㎞／ｈ以下,左前-無,前-無,大破,大破,その他,装備あり 作動,その他,その他,損傷なし,負傷,水,その他,2381,国土交通省,走行車線－第一通行帯,非分離－盛土,該当なし,平坦・該当なし,,2,該当なし,あり－その他,50㎞/h以下,0,39.454013,141.948263,2020-02-05,08:00,blue
本票,東京,高速道路交通警察隊,0061,負傷,0,3,42610,上,0000,208,昼－明,晴,市街地－人口集中,舗装－乾燥,単路－その他,環状交差点以外 環状交差点以外をいう。,施設なし,対象外当事者,その他,対象外当事者,その他,単路－19.5m以上,直線－平坦,単路（交差点付近を含む）,規制なし,中央分離帯,区分あり－防護柵等,車両相互,0～24歳,45～54歳,乗用車－普通車,乗用車－軽自動車,自家用,自家用,乗用車,乗用車,指定の速度規制なし等,指定の速度規制なし等,左前-無,右前-無,小破,小破,その他,その他,その他,その他,損傷なし,負傷,日,その他,87,中日本高速道路,走行車線－第二通行帯以上,完全分離－高架・橋梁,直線,平坦－１％未満,,2,該当なし,該当なし,該当なし,0,35.656942,139.526155,2019-12-15,06:50,blue
本票,東京,高速道路交通警察隊,0067,負傷,0,11,50280,下,0000,111,夜－夜,晴,市街地－人口集中,舗装－乾燥,単路－その他,環状交差点以外 環状交差点以外をいう。,施設なし,対象外当事者,その他,対象外当事者,その他,単路－5.5m以上,直線－平坦,単路（交差点付近を含む）,規制なし,中央分離帯,区分なし,車両相互,0～24歳,0～24歳,貨物車－中型車,乗用車－普通車,事業用,自家用,貨物車,乗用車,60㎞／ｈ以下,60㎞／ｈ以下,前-無,前-後,中破,大破,装備あり 作動,装備あり 作動,その他,その他,損傷なし,負傷,水,その他,0,首都高速道路,走行車線－第二通行帯以上,完全分離－高架・橋梁,直線,平坦・該当なし,,7,該当なし,該当なし,該当なし,0,35.574867,139.752313,2019-11-13,22:05,blue
本票,埼玉,高速道路交通警察隊,0038,負傷,0,4,42010,上,0000,342,昼－暮,晴,非市街地,舗装－乾燥,単路－その他,環状交差点以外 環状交差点以外をいう。,施設なし,対象外当事者,その他,対象外当事者,その他,単路－13.0m以上,直線－平坦,単路（交差点付近を含む）,規制なし,中央分離帯,区分あり－路側帯,車両相互,75歳以上,35～44歳,乗用車－普通車,乗用車－普通車,自家用,自家用,乗用車,乗用車,指定の速度規制なし等,指定の速度規制なし等,右前-右後,左前-左,中破,大破,その他,その他,その他,その他,損傷なし,負傷,日,その他,495,東日本高速道路,追越車線,完全分離－切土,直線,平坦－１％未満,,2,該当なし,該当なし,50㎞/h以下,0,36.080664,139.298692,2020-01-26,16:20,blue
本票,埼玉,高速道路交通警察隊,0052,負傷,0,4,50160,下,0000,224,昼－昼,晴,非市街地,舗装－乾燥,単路－その他,環状交差点以外 環状交差点以外をいう。,施設なし,対象外当事者,その他,対象外当事者,その他,単路－9.0m以上,直線－平坦,単路（交差点付近を含む）,規制なし,中央分離帯,区分あり－縁石・ブロック等,車両相互,35～44歳,45～54歳,乗用車－普通車,乗用車－普通車,自家用,自家用,乗用車,乗用車,指定の速度規制なし等,指定の速度規制なし等,前-無,前-後,中破,中破,その他,その他,その他,その他,損傷なし,負傷,土,その他,207,首都高速道路,走行車線－第一通行帯,完全分離－高架・橋梁,直線,平坦－１％未満,,3,該当なし,該当なし,60㎞/h以下,0,35.817842,139.645227,2020-02-01,12:45,blue
本票,福井,高速道路交通警察隊,0002,負傷,0,2,44250,上,1563,202,昼－昼,曇,非市街地,舗装－湿潤,単路－その他,環状交差点以外 環状交差点以外をいう。,施設なし,対象外当事者,その他,対象外当事者,その他,単路－9.0m以上,直線－平坦,単路（交差点付近を含む）,規制なし,中央線－ポストコーン,区分あり－路側帯,車両相互,0～24歳,45～54歳,貨物車－中型車,乗用車－普通車,自家用,自家用,貨物車,乗用車,50㎞／ｈ以下,50㎞／ｈ以下,前-無,前-後,中破,大破,その他,装備あり 作動,その他,その他,損傷なし,負傷,金,その他,1563,中日本高速道路,走行車線－第一通行帯,非分離－その他,直線,平坦－２％以上,,4,該当なし,あり－工事等,50㎞/h以下,0,35.601340,136.054362,2020-01-31,10:22,blue
本票,愛知,高速道路交通警察隊,0050,負傷,0,1,50090,上,0000,222,昼－昼,晴,非市街地,舗装－乾燥,単路－その他,環状交差点以外 環状交差点以外をいう。,施設なし,対象外当事者,その他,対象外当事者,その他,単路－13.0m以上,直線－平坦,単路（交差点付近を含む）,規制なし,中央分離帯,区分なし,車両相互,45～54歳,55～64歳,貨物車－大型車,貨物車－大型車,事業用,事業用,貨物車,貨物車,70㎞／ｈ以下,70㎞／ｈ以下,前-無,前-後,小破,小破,その他,その他,その他,その他,損傷なし,損傷なし,火,その他,31,都道府県,走行車線－第一通行帯,完全分離－切土,直線,平坦・該当なし,,4,該当なし,該当なし,該当なし,0,35.040311,136.895472,2020-02-04,11:10,blue
本票,愛知,高速道路交通警察隊,0057,負傷,0,3,44110,上,0000,115,昼－昼,晴,非市街地,舗装－乾燥,単路－その他,環状交差点以外 環状交差点以外をいう。,施設なし,対象外当事者,その他,対象外当事者,その他,単路－13.0m以上,直線－平坦,その他,規制なし,中央分離なし,区分なし,車両相互,25～34歳,35～44歳,乗用車－普通車,貨物車－軽自動車,自家用,自家用,乗用車,貨物車,60㎞／ｈ以下,60㎞／ｈ以下,前-後,前-無,小破,小破,その他,その他,その他,その他,負傷,損傷なし,土,その他,4,中日本高速道路,料金所等付近－その他 ランプウェイに設置された料金所及びこれに接続する広場をいう。,その他,該当なし,平坦・該当なし,,4,該当なし,該当なし,該当なし,0,35.174555,137.015866,2020-02-08,12:40,blue
本票,愛知,高速道路交通警察隊,0064,負傷,0,1,42720,下,0000,115,夜－暮,晴,市街地－その他,舗装－乾燥,単路－その他,環状交差点以外 環状交差点以外をいう。,施設なし,対象外当事者,その他,対象外当事者,その他,単路－13.0m以上,直線－平坦,その他,規制なし,中央分離なし,区分なし,車両相互,25～34歳,25～34歳,貨物車－普通車,乗用車－軽自動車,自家用,自家用,貨物車,乗用車,40㎞／ｈ以下,40㎞／ｈ以下,前-無,前-後,小破,小破,その他,その他,その他,その他,損傷なし,負傷,水,その他,3253,中日本高速道路,その他,その他,該当なし,平坦・該当なし,,3,該当なし,該当なし,該当なし,0,35.171166,137.022873,2020-02-05,17:55,blue
本票,愛知,高速道路交通警察隊,0074,負傷,0,2,50100,下,0000,222,昼－暮,曇,非市街地,舗装－乾燥,単路－その他,環状交差点以外 環状交差点以外をいう。,施設なし,対象外当事者,その他,対象外当事者,その他,単路－13.0m以上,直線－平坦,単路（交差点付近を含む）,規制なし,中央分離帯,区分なし,車両相互,0～24歳,25～34歳,乗用車－普通車,乗用車－普通車,自家用,自家用,乗用車,乗用車,70㎞／ｈ以下,70㎞／ｈ以下,前-無,前-後,中破,小破,その他,その他,その他,その他,損傷なし,負傷,水,その他,24,都道府県,追越車線,完全分離－その他,直線,平坦・該当なし,,3,該当なし,該当なし,該当なし,0,35.046779,136.898699,2020-02-12,17:13,blue
本票,愛知,高速道路交通警察隊,0075,負傷,0,2,42630,上,0000,203,昼－昼,晴,市街地－その他,舗装－乾燥,単路－その他,環状交差点以外 環状交差点以外をいう。,施設なし,対象外当事者,その他,対象外当事者,その他,単路－13.0m以上,直線－平坦,その他,規制なし,中央分離帯,区分あり－路側帯,車両相互,25～34歳,45～54歳,乗用車－普通車,乗用車－普通車,自家用,自家用,乗用車,乗用車,指定の速度規制なし等,指定の速度規制なし等,前-無,前-後,小破,小破,装備あり 作動,その他,その他,その他,損傷なし,負傷,金,その他,3550,中日本高速道路,料金所等付近－その他 ランプウェイに設置された料金所及びこれに接続する広場をいう。,その他,該当なし,平坦・該当なし,,3,該当なし,該当なし,該当なし,0,35.272904,136.828057,2020-02-21,10:55,blue
本票,愛知,高速道路交通警察隊,0076,負傷,0,2,51110,上,0000,112,夜－夜,晴,非市街地,舗装－乾燥,単路－その他,環状交差点以外 環状交差点以外をいう。,施設なし,対象外当事者,その他,対象外当事者,その他,単路－5.5m以上,直線－平坦,単路（交差点付近を含む）,規制なし,中央分離帯,区分なし,車両相互,25～34歳,25～34歳,乗用車－普通車,乗用車－普通車,自家用,自家用,乗用車,乗用車,60㎞／ｈ以下,60㎞／ｈ以下,前-無,前-後,小破,小破,その他,その他,その他,その他,損傷なし,負傷,金,その他,54,名古屋高速,追越車線,完全分離－高架・橋梁,直線,平坦・該当なし,,3,該当なし,該当なし,該当なし,0,35.103047,136.924519,2020-02-21,18:45,blue
本票,愛知,高速道路交通警察隊,0084,負傷,0,5,42630,上,0000,203,昼－暮,晴,市街地－その他,舗装－乾燥,単路－その他,環状交差点以外 環状交差点以外をいう。,施設なし,対象外当事者,その他,対象外当事者,その他,単路－13.0m以上,直線－平坦,単路（交差点付近を含む）,規制なし,中央分離帯,区分あり－防護柵等,車両相互,25～34歳,55～64歳,貨物車－中型車,乗用車－普通車,事業用,自家用,貨物車,乗用車,50㎞／ｈ以下,50㎞／ｈ以下,前-無,前-後,小破,小破,その他,その他,その他,その他,損傷なし,負傷,月,当日,3581,中日本高速道路,走行車線－第一通行帯,完全分離－盛土,直線,平坦・該当なし,,4,該当なし,あり－渋滞,50㎞/h以下,0,35.280091,136.795273,2020-02-24,17:30,blue
本票,愛知,高速道路交通警察隊,0095,負傷,0,2,51510,上,0000,106,昼－昼,晴,市街地－人口集中,舗装－乾燥,単路－その他,環状交差点以外 環状交差点以外をいう。,施設なし,対象外当事者,その他,対象外当事者,その他,単路－9.0m以上,直線－平坦,単路（交差点付近を含む）,規制なし,中央分離帯,区分なし,車両相互,65～74歳,65～74歳,貨物車－大型車,乗用車－普通車,事業用,自家用,貨物車,乗用車,60㎞／ｈ以下,60㎞／ｈ以下,前-無,前-後,小破,小破,その他,その他,その他,その他,損傷なし,負傷,金,その他,82,名古屋高速,走行車線－第二通行帯以上,完全分離－その他,直線,平坦・該当なし,,3,該当なし,該当なし,該当なし,0,35.178162,136.906267,2020-02-28,07:40,blue