資料区分,都道府県コード,警察署等コード,本票番号,事故内容,死者数,負傷者数,路線コード,上下線,地点コード,市区町村コード,昼夜,天候,地形,路面状態,道路形状,環状交差点の直径,信号機,一時停止規制　標識（当事者A）,一時停止規制　表示（当事者A）,一時停止規制　標識（当事者B）,一時停止規制　表示（当事者B）,車道幅員,道路線形,衝突地点,ゾーン規制,中央分離帯施設等,歩車道区分,事故類型,年齢（当事者A）,年齢（当事者B）,当事者種別（当事者A）,当事者種別（当事者B）,用途別（当事者A）,用途別（当事者B）,車両形状（当事者A）,車両形状（当事者B）,速度規制（指定のみ）（当事者A）,速度規制（指定のみ）（当事者B）,車両の衝突部位（当事者A）,車両の衝突部位（当事者B）,車両の損壊程度（当事者A）,車両の損壊程度（当事者B）,エアバッグの装備（当事者A）,エアバッグの装備（当事者B）,サイドエアバッグの装備（当事者A）,サイドエアバッグの装備（当事者B）,人身損傷程度（当事者A）,人身損傷程度（当事者B）,曜日(発生年月日),祝日(発生年月日),発生地点,道路管理者区分,道路区分,道路構造,曲線半径,縦断勾配,トンネル番号,当事者車両台数,車両単独事故の対象物,臨時速度規制の有無,速度規制（臨時のみ）,トンネル延長距離,緯度,経度,発生日,発生時,color
本票,滋賀,高速道路交通警察隊,0019,負傷,0,2,44200,下,0542,209,夜－暮,曇,非市街地,舗装－乾燥,単路－トンネル,環状交差点以外 環状交差点以外をいう。,施設なし,対象外当事者,その他,対象外当事者,その他,単路－5.5m以上,直線－平坦,単路（交差点付近を含む）,規制なし,中央分離帯,区分あり－路側帯,車両相互,0～24歳,45～54歳,乗用車－普通車,乗用車－普通車,自家用,自家用,乗用車,乗用車,指定の速度規制なし等,指定の速度規制なし等,右前-無,左前-無,小破,小破,その他,その他,その他,その他,負傷,負傷,金,その他,542,西日本高速道路,追越車線,完全分離－トンネル,直線,平坦・該当なし,孔雀館,2,該当なし,該当なし,該当なし,2531,34.921821,136.129196,2020-01-31,17:30,blue
本票,京都,高速道路交通警察隊,0004,負傷,0,2,50010,上,0000,322,昼－昼,曇,非市街地,舗装－乾燥,単路－橋,環状交差点以外 環状交差点以外をいう。,施設なし,対象外当事者,その他,対象外当事者,その他,単路－13.0m以上,直線－下り,単路（交差点付近を含む）,規制なし,中央分離帯,区分あり－路側帯,車両相互,45～54歳,55～64歳,貨物車－大型車,乗用車－普通車,事業用,自家用,貨物車,乗用車,80㎞／ｈ以下,80㎞／ｈ以下,右前-無,左前-右前,小破,中破,その他,その他,その他,その他,損傷なし,負傷,月,その他,4994,西日本高速道路,追越車線,完全分離－高架・橋梁,直線,上り・下り－３％以上,,2,該当なし,該当なし,該当なし,0,34.898530,135.754907,2019-12-23,12:52,blue
本票,大阪,高速道路交通警察隊,0049,負傷,0,2,52110,下,0000,107,夜－夜,雨,市街地－その他,舗装－湿潤,単路－カーブ・屈折,環状交差点以外 環状交差点以外をいう。,施設なし,対象外当事者,その他,対象外当事者,その他,単路－9.0m以上,カーブ・屈折－右－平坦,単路（交差点付近を含む）,規制なし,中央分離帯,区分なし,車両相互,55～64歳,35～44歳,貨物車－中型車,乗用車－普通車,事業用,事業用,貨物車,乗用車,50㎞／ｈ以下,50㎞／ｈ以下,前-無,右前-前,大破,大破,装備あり 作動,装備あり 作動,その他,その他,損傷なし,損傷なし,月,その他,55,阪神高速道路,走行車線－第二通行帯以上,完全分離－その他,カーブ－100m以上,平坦・該当なし,,3,該当なし,該当なし,該当なし,0,34.661504,135.448090,2020-01-27,23:50,blue
本票,兵庫,高速道路交通警察隊,0050,負傷,0,4,50260,下,0789,216,夜－暮,晴,市街地－その他,舗装－乾燥,単路－カーブ・屈折,環状交差点以外 環状交差点以外をいう。,施設なし,対象外当事者,その他,対象外当事者,その他,単路－13.0m以上,カーブ・屈折－右－平坦,単路（交差点付近を含む）,規制なし,中央分離帯,区分あり－路側帯,車両相互,45～54歳,25～34歳,乗用車－普通車,乗用車－普通車,自家用,自家用,乗用車,乗用車,70㎞／ｈ以下,70㎞／ｈ以下,右前-無,左前-無,小破,小破,その他,その他,その他,その他,損傷なし,負傷,日,前日,779,国土交通省,走行車線－第二通行帯以上,完全分離－高架・橋梁,カーブ－1000m以上,平坦・該当なし,,2,該当なし,該当なし,該当なし,0,34.790844,134.798778,2020-01-12,18:00,blue
本票,兵庫,高速道路交通警察隊,0069,負傷,0,3,50290,上,0254,442,夜－暮,曇,非市街地,舗装－乾燥,単路－カーブ・屈折,環状交差点以外 環状交差点以外をいう。,施設なし,対象外当事者,その他,対象外当事者,その他,単路－5.5m以上,カーブ・屈折－左－下り,単路（交差点付近を含む）,規制なし,中央線－ポストコーン,区分あり－路側帯,車両相互,45～54歳,35～44歳,乗用車－普通車,乗用車－軽自動車,自家用,自家用,乗用車,乗用車,60㎞／ｈ以下,60㎞／ｈ以下,前-前,前-無,大破,大破,装備あり 作動,装備あり 作動,装備あり 作動,装備あり 作動,負傷,負傷,土,その他,244,西日本高速道路,走行車線－第一通行帯,非分離－切土,カーブ－1000m以上,上り・下り－３％以上,,3,該当なし,該当なし,該当なし,0,35.000508,134.768336,2020-02-15,18:18,blue
本票,鳥取,高速道路交通警察隊,0003,負傷,0,1,50310,下,2693,371,夜－暮,晴,非市街地,舗装－湿潤,単路－その他,環状交差点以外 環状交差点以外をいう。,施設なし,対象外当事者,その他,対象外当事者,その他,単路－5.5m以上,直線－平坦,単路（交差点付近を含む）,規制なし,中央線－ポストコーン,区分なし,車両相互,0～24歳,25～34歳,乗用車－普通車,乗用車－軽自動車,自家用,自家用,乗用車,乗用車,50㎞／ｈ以下,50㎞／ｈ以下,前-無,前-後,小破,小破,その他,装備あり 作動,その他,その他,損傷なし,負傷,金,その他,2693,国土交通省,走行車線－第一通行帯,非分離－その他,直線,平坦・該当なし,,4,該当なし,あり－渋滞,50㎞/h以下,0,35.492347,133.668667,2020-01-24,17:50,blue
本票,岡山,高速道路交通警察隊,0003,死亡,1,1,45190,上,0000,215,夜－夜,曇,非市街地,舗装－乾燥,単路－橋,環状交差点以外 環状交差点以外をいう。,施設なし,対象外当事者,その他,対象外当事者,その他,単路－5.5m以上,直線－平坦,単路（交差点付近を含む）,規制なし,中央線－ポストコーン,区分なし,車両相互,55～64歳,45～54歳,貨物車－大型車,貨物車－大型車,事業用,事業用,貨物車,貨物車,50㎞／ｈ以下,50㎞／ｈ以下,右前-無,右前-無,大破,中破,装備あり 作動,装備あり 作動,その他,その他,死亡,負傷,月,その他,117,国土交通省,走行車線－第一通行帯,非分離－高架・橋梁,直線,平坦・該当なし,,3,該当なし,あり－その他,50㎞/h以下,0,35.119042,134.332124,2020-02-03,22:43,red
本票,広島,南,0034,負傷,0,2,54910,上,3445,104,昼－明,晴,市街地－人口集中,舗装－乾燥,単路－トンネル,環状交差点以外 環状交差点以外をいう。,施設なし,対象外当事者,その他,対象外当事者,その他,単路－5.5m以上,直線－平坦,単路（交差点付近を含む）,規制なし,中央分離帯,区分なし,車両相互,0～24歳,0～24歳,乗用車－軽自動車,乗用車－軽自動車,自家用,自家用,乗用車,乗用車,50㎞／ｈ以下,50㎞／ｈ以下,前-無,前-後,小破,中破,その他,その他,その他,その他,損傷なし,負傷,木,その他,3445,国土交通省,走行車線－第二通行帯以上,完全分離－トンネル,直線,平坦・該当なし,中佐治,3,該当なし,該当なし,50㎞/h以下,745,34.379871,132.389347,2020-02-13,07:20,blue
本票,福岡,高速道路交通警察隊,1510,負傷,0,1,50670,上,0202,108,夜－暮,雨,非市街地,舗装－湿潤,単路－その他,環状交差点以外 環状交差点以外をいう。,施設なし,対象外当事者,その他,対象外当事者,その他,単路－5.5m以上,直線－平坦,単路（交差点付近を含む）,規制なし,中央分離帯,区分あり－路側帯,車両相互,45～54歳,45～54歳,乗用車－普通車,貨物車－普通車,自家用,自家用,乗用車,貨物車,60㎞／ｈ以下,60㎞／ｈ以下,左前-左,右前-無,中破,小破,その他,その他,その他,その他,負傷,損傷なし,木,その他,202,福岡・北九州高速,走行車線－第二通行帯以上,完全分離－高低分離,直線,平坦・該当なし,,2,該当なし,該当なし,60㎞/h以下,0,33.858701,130.802725,2020-01-23,17:50,blue
本票,東京,高速道路交通警察隊,0118,負傷,0,1,50280,下,0000,111,夜－夜,晴,市街地－人口集中,舗装－乾燥,単路－その他,環状交差点以外 環状交差点以外をいう。,施設なし,対象外当事者,その他,対象外当事者,その他,単路－9.0m以上,直線－平坦,単路（交差点付近を含む）,規制なし,中央分離帯,区分なし,車両相互,55～64歳,35～44歳,貨物車－大型車,貨物車－軽自動車,事業用,自家用,貨物車,貨物車,80㎞／ｈ以下,80㎞／ｈ以下,前-無,前-無,小破,大破,その他,装備あり 作動,その他,装備あり 作動,損傷なし,負傷,土,その他,0,首都高速道路,走行車線－第一通行帯,完全分離－切土,直線,平坦・該当なし,,2,該当なし,該当なし,該当なし,0,35.538547,139.794505,2019-09-07,03:10,blue
本票,東京,高速道路交通警察隊,0149,負傷,0,1,50030,上,0000,101,昼－昼,晴,市街地－人口集中,舗装－乾燥,単路－その他,環状交差点以外 環状交差点以外をいう。,施設なし,対象外当事者,その他,対象外当事者,その他,単路－9.0m以上,直線－平坦,その他,規制なし,中央分離帯,区分なし,車両相互,35～44歳,75歳以上,乗用車－普通車,乗用車－普通車,自家用,事業用,乗用車,乗用車,40㎞／ｈ以下,40㎞／ｈ以下,前-無,前-無,小破,小破,その他,その他,その他,その他,損傷なし,負傷,月,その他,0,首都高速道路,その他,その他,該当なし,平坦・該当なし,,2,該当なし,該当なし,該当なし,0,35.691187,139.755333,2020-03-16,10:34,blue
本票,東京,高速道路交通警察隊,0154,負傷,0,3,50190,上,0000,121,昼－昼,晴,市街地－人口集中,舗装－乾燥,単路－その他,環状交差点以外 環状交差点以外をいう。,施設なし,対象外当事者,その他,対象外当事者,その他,単路－5.5m以上,直線－平坦,単路（交差点付近を含む）,規制なし,中央分離帯,区分なし,車両相互,35～44歳,35～44歳,乗用車－普通車,貨物車－軽自動車,自家用,自家用,乗用車,貨物車,60㎞／ｈ以下,60㎞／ｈ以下,前-後,前-無,中破,小破,その他,その他,その他,その他,負傷,損傷なし,月,その他,0,首都高速道路,走行車線－第二通行帯以上,完全分離－その他,直線,平坦・該当なし,,3,該当なし,該当なし,該当なし,0,35.765077,139.821140,2020-03-09,14:35,blue
本票,東京,高速道路交通警察隊,0159,負傷,0,1,50040,下,0000,103,夜－夜,晴,市街地－人口集中,舗装－乾燥,単路－その他,環状交差点以外 環状交差点以外をいう。,施設なし,対象外当事者,その他,対象外当事者,その他,単路－3.5m以上,直線－平坦,単路（交差点付近を含む）,規制なし,中央分離帯,区分なし,車両相互,55～64歳,35～44歳,貨物車－大型車,乗用車－普通車,事業用,自家用,貨物車,乗用車,50㎞／ｈ以下,50㎞／ｈ以下,前-無,前-無,小破,小破,その他,その他,その他,その他,損傷なし,負傷,月,その他,0,首都高速道路,走行車線－第一通行帯,完全分離－高低分離,直線,平坦・該当なし,,2,該当なし,該当なし,該当なし,0,35.653029,139.754731,2020-03-09,22:57,blue
本票,神奈川,高速道路交通警察隊,0090,負傷,0,1,42720,下,8205,113,昼－昼,晴,非市街地,舗装－乾燥,単路－その他,環状交差点以外 環状交差点以外をいう。,施設なし,対象外当事者,その他,対象外当事者,その他,単路－13.0m以上,直線－平坦,単路（交差点付近を含む）,規制なし,中央分離帯,区分なし,車両相互,55～64歳,45～54歳,乗用車－普通車,二輪車－自動二輪－小型二輪－751ｃｃ以上,自家用,自家用,乗用車,対象外当事者,指定の速度規制なし等,指定の速度規制なし等,右前-無,前-無,小破,小破,その他,対象外当事者,その他,対象外当事者,損傷なし,負傷,木,前日,195,中日本高速道路,走行車線－第二通行帯以上,完全分離－盛土,該当なし,平坦・該当なし,,2,該当なし,該当なし,該当なし,0,35.517956,139.485191,2020-03-19,07:39,blue
本票,静岡,高速道路交通警察隊,0065,負傷,0,4,42710,上,0000,211,昼－昼,晴,非市街地,舗装－乾燥,単路－その他,環状交差点以外 環状交差点以外をいう。,施設なし,対象外当事者,その他,対象外当事者,その他,単路－5.5m以上,直線－平坦,単路（交差点付近を含む）,規制なし,中央分離帯,区分あり－路側帯,車両相互,0～24歳,25～34歳,乗用車－普通車,乗用車－普通車,自家用,自家用,乗用車,乗用車,指定の速度規制なし等,指定の速度規制なし等,左前-右,右前-左前,大破,中破,装備あり 作動,その他,その他,その他,負傷,負傷,土,その他,2214,中日本高速道路,走行車線－第一通行帯,完全分離－切土,直線,平坦・該当なし,,2,該当なし,該当なし,該当なし,0,34.752303,137.868968,2020-03-21,15:08,blue
本票,愛知,高速道路交通警察隊,0106,負傷,0,2,44110,上,0000,116,昼－昼,晴,市街地－その他,舗装－乾燥,単路－その他,環状交差点以外 環状交差点以外をいう。,施設なし,対象外当事者,その他,対象外当事者,その他,単路－13.0m以上,直線－平坦,単路（交差点付近を含む）,規制なし,中央分離帯,区分あり－路側帯,車両相互,35～44歳,35～44歳,乗用車－普通車,貨物車－普通車,自家用,自家用,乗用車,貨物車,40㎞／ｈ以下,40㎞／ｈ以下,前-後,前-無,中破,小破,その他,その他,その他,その他,負傷,損傷なし,木,その他,2076,中日本高速道路,走行車線－第一通行帯,完全分離－盛土,直線,平坦・該当なし,,3,該当なし,該当なし,40㎞/h以下,0,35.105394,136.994804,2020-03-05,08:15,blue
本票,愛知,高速道路交通警察隊,0125,負傷,0,1,50090,上,0000,224,昼－昼,晴,市街地－その他,舗装－乾燥,単路－その他,環状交差点以外 環状交差点以外をいう。,施設なし,対象外当事者,その他,対象外当事者,その他,単路－13.0m以上,直線－上り,単路（交差点付近を含む）,規制なし,中央分離帯,区分なし,車両相互,0～24歳,25～34歳,乗用車－普通車,貨物車－普通車,自家用,自家用,乗用車,貨物車,指定の速度規制なし等,70㎞／ｈ以下,前-後,前-無,小破,小破,その他,その他,その他,その他,負傷,損傷なし,金,その他,93,都道府県,走行車線－第二通行帯以上,完全分離－盛土,直線,平坦・該当なし,,3,該当なし,該当なし,該当なし,0,34.992992,136.859441,2020-03-06,07:50,blue
本票,大阪,高速道路交通警察隊,0103,負傷,0,3,44150,上,0000,221,昼－暮,晴,非市街地,舗装－乾燥,単路－その他,環状交差点以外 環状交差点以外をいう。,施設なし,対象外当事者,その他,対象外当事者,その他,単路－9.0m以上,直線－平坦,単路（交差点付近を含む）,規制なし,中央分離帯,区分なし,車両相互,25～34歳,0～24歳,乗用車－普通車,乗用車－普通車,自家用,自家用,乗用車,乗用車,80㎞／ｈ以下,80㎞／ｈ以下,前-無,前-後,小破,小破,その他,その他,その他,その他,損傷なし,負傷,月,当日,87,西日本高速道路,追越車線,完全分離－その他,該当なし,平坦・該当なし,,2,該当なし,該当なし,該当なし,0,34.556480,135.647720,2020-02-24,17:35,blue
本票,兵庫,高速道路交通警察隊,0101,負傷,0,1,45020,下,1226,501,夜－暮,晴,市街地－その他,舗装－乾燥,単路－カーブ・屈折,環状交差点以外 環状交差点以外をいう。,施設なし,対象外当事者,その他,対象外当事者,その他,単路－13.0m以上,カーブ・屈折－右－平坦,単路（交差点付近を含む）,規制なし,中央分離帯,区分あり－路側帯,車両相互,35～44歳,65～74歳,貨物車－大型車,乗用車－普通車,事業用,自家用,貨物車,乗用車,80㎞／ｈ以下,80㎞／ｈ以下,右前-無,左前-無,小破,大破,その他,装備あり 作動,その他,その他,負傷,損傷なし,金,その他,1216,西日本高速道路,走行車線－第一通行帯,完全分離－切土,カーブ－500m以上,平坦・該当なし,,2,該当なし,該当なし,該当なし,0,35.009283,134.351216,2020-02-21,17:55,blue
本票,兵庫,高速道路交通警察隊,0112,負傷,0,1,50220,下,0058,108,夜－暮,雨,市街地－その他,舗装－湿潤,単路－カーブ・屈折,環状交差点以外 環状交差点以外をいう。,施設なし,対象外当事者,その他,対象外当事者,その他,単路－13.0m以上,カーブ・屈折－右－平坦,単路（交差点付近を含む）,規制なし,中央分離帯,区分あり－路側帯,車両相互,0～24歳,25～34歳,貨物車－準中型車,貨物車－普通車,事業用,自家用,貨物車,貨物車,70㎞／ｈ以下,70㎞／ｈ以下,右前-無,右前-無,小破,中破,その他,その他,その他,その他,損傷なし,負傷,土,その他,48,西日本高速道路,走行車線－第二通行帯以上,完全分離－切土,カーブ－700m以上,平坦・該当なし,,2,該当なし,該当なし,該当なし,0,34.647577,135.075191,2020-03-14,18:30,blue
本票,兵庫,高速道路交通警察隊,0143,負傷,0,1,50260,下,0853,201,夜－夜,晴,市街地－その他,舗装－乾燥,単路－その他,環状交差点以外 環状交差点以外をいう。,施設なし,対象外当事者,その他,対象外当事者,その他,単路－19.5m以上,直線－平坦,単路（交差点付近を含む）,規制なし,中央分離帯,区分あり－路側帯,車両相互,0～24歳,35～44歳,乗用車－普通車,乗用車－普通車,自家用,自家用,乗用車,乗用車,70㎞／ｈ以下,70㎞／ｈ以下,左前-無,右前-無,小破,小破,その他,その他,その他,その他,損傷なし,負傷,木,前日,843,国土交通省,走行車線－第二通行帯以上,完全分離－盛土,直線,平坦・該当なし,,2,該当なし,該当なし,該当なし,0,34.798159,134.731371,2020-03-19,23:50,blue
本票,兵庫,高速道路交通警察隊,0148,負傷,0,1,50360,下,0147,108,夜－暮,晴,非市街地,舗装－乾燥,単路－橋,環状交差点以外 環状交差点以外をいう。,施設なし,対象外当事者,その他,対象外当事者,その他,単路－19.5m以上,直線－平坦,単路（交差点付近を含む）,規制なし,中央分離帯,区分あり－路側帯,車両相互,35～44歳,45～54歳,貨物車－軽自動車,二輪車－自動二輪－軽二輪－126～250cc,自家用,自家用,貨物車,対象外当事者,80㎞／ｈ以下,80㎞／ｈ以下,前-無,前-無,小破,小破,その他,対象外当事者,その他,対象外当事者,損傷なし,負傷,木,前日,137,本・四高速道路,走行車線－第二通行帯以上,完全分離－高架・橋梁,直線,平坦・該当なし,,2,該当なし,該当なし,該当なし,0,34.629520,135.032047,2020-03-19,18:17,blue
本票,奈良,高速道路交通警察隊,0015,負傷,0,2,50070,上,0500,204,昼－昼,晴,市街地－その他,舗装－乾燥,単路－その他,環状交差点以外 環状交差点以外をいう。,施設なし,対象外当事者,その他,対象外当事者,その他,単路－5.5m以上,直線－平坦,単路（交差点付近を含む）,規制なし,中央分離帯,区分なし,車両相互,25～34歳,45～54歳,乗用車－普通車,乗用車－軽自動車,自家用,自家用,乗用車,乗用車,80㎞／ｈ以下,80㎞／ｈ以下,前-無,前-後,中破,中破,その他,その他,その他,その他,損傷なし,負傷,木,その他,500,国土交通省,走行車線－第一通行帯,完全分離－盛土,該当なし,平坦・該当なし,,3,該当なし,該当なし,該当なし,0,34.595288,135.791582,2020-03-26,07:45,blue
本票,広島,高速道路交通警察隊,0020,負傷,0,2,45110,上,2381,204,昼－昼,晴,非市街地,舗装－乾燥,単路－その他,環状交差点以外 環状交差点以外をいう。,施設なし,対象外当事者,その他,対象外当事者,その他,単路－9.0m以上,直線－平坦,単路（交差点付近を含む）,規制なし,中央分離帯,区分なし,車両相互,25～34歳,45～54歳,貨物車－準中型車,貨物車－普通車,自家用,自家用,貨物車,貨物車,80㎞／ｈ以下,80㎞／ｈ以下,前-無,前-後,小破,小破,その他,その他,その他,その他,損傷なし,負傷,金,その他,2381,西日本高速道路,追越車線,完全分離－切土,直線,平坦－２％以上,,3,該当なし,あり－工事等,50㎞/h以下,0,34.432241,132.956078,2020-02-21,14:00,blue
本票,広島,高速道路交通警察隊,0031,負傷,0,3,54020,下,0029,213,昼－暮,晴,非市街地,舗装－乾燥,単路－カーブ・屈折,環状交差点以外 環状交差点以外をいう。,施設なし,対象外当事者,その他,対象外当事者,その他,単路－3.5m以上,カーブ・屈折－右－上り,単路（交差点付近を含む）,規制なし,中央分離なし,区分なし,車両相互,65～74歳,35～44歳,乗用車－普通車,乗用車－軽自動車,自家用,自家用,乗用車,乗用車,40㎞／ｈ以下,40㎞／ｈ以下,右前-無,右前-無,中破,中破,その他,その他,その他,その他,負傷,損傷なし,土,その他,29,国土交通省,ランプウェイ－入路,その他,該当なし,平坦・該当なし,,2,該当なし,該当なし,該当なし,0,34.345917,132.316507,2020-03-14,17:17,blue
本票,高知,高速道路交通警察隊,0001,負傷,0,1,46130,上,0000,344,夜－暮,晴,非市街地,舗装－乾燥,単路－その他,環状交差点以外 環状交差点以外をいう。,施設なし,対象外当事者,その他,対象外当事者,その他,単路－5.5m以上,直線－下り,単路（交差点付近を含む）,規制なし,中央線－ポストコーン,区分あり－路側帯,車両相互,45～54歳,0～24歳,乗用車－普通車,乗用車－軽自動車,自家用,自家用,乗用車,乗用車,30㎞／ｈ以下,30㎞／ｈ以下,前-無,前-無,中破,中破,装備あり 作動,装備あり 作動,その他,その他,損傷なし,負傷,水,その他,0,西日本高速道路,ランプウェイ－入路,その他,該当なし,平坦・該当なし,,2,該当なし,該当なし,該当なし,0,33.768886,133.660326,2020-02-26,18:10,blue
本票,福岡,高速道路交通警察隊,0548,負傷,0,1,47010,上,0841,217,昼－明,晴,市街地－その他,舗装－乾燥,単路－その他,環状交差点以外 環状交差点以外をいう。,施設なし,対象外当事者,その他,対象外当事者,その他,単路－9.0m以上,直線－平坦,単路（交差点付近を含む）,規制なし,中央分離帯,区分なし,車両相互,35～44歳,25～34歳,貨物車－大型車,貨物車－中型車,事業用,事業用,貨物車,貨物車,100㎞/h以下,100㎞/h以下,左前-無,右前-無,小破,小破,その他,その他,その他,その他,損傷なし,負傷,木,その他,841,西日本高速道路,走行車線－第一通行帯,完全分離－その他,直線,平坦・該当なし,,2,該当なし,該当なし,該当なし,0,33.497366,130.507685,2020-03-12,07:05,blue
本票,福岡,高速道路交通警察隊,1520,死亡,1,1,50620,下,0079,106,夜－夜,晴,市街地－人口集中,舗装－乾燥,単路－その他,環状交差点以外 環状交差点以外をいう。,施設なし,対象外当事者,その他,対象外当事者,その他,単路－13.0m以上,直線－平坦,単路（交差点付近を含む）,規制なし,中央分離帯,区分なし,車両相互,55～64歳,65～74歳,乗用車－普通車,乗用車－軽自動車,自家用,自家用,乗用車,乗用車,60㎞／ｈ以下,60㎞／ｈ以下,前-無,前-無,小破,大破,その他,装備あり 作動,その他,その他,負傷,死亡,月,その他,79,福岡・北九州高速,走行車線－第一通行帯,完全分離－高低分離,直線,平坦・該当なし,,2,該当なし,該当なし,60㎞/h以下,0,33.881498,130.867831,2020-03-16,22:36,red
本票,東京,高速道路交通警察隊,0174,負傷,0,1,50200,下,0000,121,夜－夜,晴,市街地－人口集中,舗装－乾燥,単路－その他,環状交差点以外 環状交差点以外をいう。,施設なし,対象外当事者,その他,対象外当事者,その他,単路－9.0m以上,直線－平坦,単路（交差点付近を含む）,規制なし,中央分離なし,区分なし,車両相互,55～64歳,25～34歳,乗用車－普通車,乗用車－普通車,事業用,事業用,乗用車,乗用車,80㎞／ｈ以下,80㎞／ｈ以下,前-無,前-無,小破,小破,その他,その他,その他,その他,損傷なし,負傷,日,その他,0,東日本高速道路,走行車線－第一通行帯,その他,該当なし,平坦・該当なし,,2,該当なし,該当なし,該当なし,0,35.780862,139.825394,2019-12-29,04:33,blue
本票,東京,高速道路交通警察隊,0178,負傷,0,2,50160,下,0000,101,昼－昼,曇,市街地－人口集中,舗装－乾燥,単路－その他,環状交差点以外 環状交差点以外をいう。,施設なし,対象外当事者,その他,対象外当事者,その他,単路－5.5m以上,直線－平坦,単路（交差点付近を含む）,規制なし,中央分離帯,区分なし,車両相互,45～54歳,45～54歳,貨物車－中型車,乗用車－普通車,事業用,自家用,貨物車,乗用車,40㎞／ｈ以下,40㎞／ｈ以下,前-無,前-後,小破,小破,その他,その他,その他,その他,損傷なし,負傷,金,その他,0,首都高速道路,走行車線－第一通行帯,完全分離－その他,直線,平坦・該当なし,,3,該当なし,該当なし,40㎞/h以下,0,35.691124,139.754749,2020-03-27,12:55,blue
本票,東京,高速道路交通警察隊,0193,負傷,0,1,50290,上,0000,104,昼－昼,晴,市街地－人口集中,舗装－乾燥,単路－トンネル,環状交差点以外 環状交差点以外をいう。,施設なし,対象外当事者,その他,対象外当事者,その他,単路－3.5m以上,直線－平坦,単路（交差点付近を含む）,規制なし,中央分離帯,区分なし,車両相互,35～44歳,0～24歳,乗用車－普通車,貨物車－軽自動車,自家用,自家用,乗用車,貨物車,60㎞／ｈ以下,60㎞／ｈ以下,前-無,前-無,小破,小破,その他,その他,その他,装備あり 作動,損傷なし,負傷,木,その他,0,首都高速道路,走行車線－第二通行帯以上,完全分離－トンネル,直線,平坦・該当なし,常磐,3,該当なし,該当なし,該当なし,11216,35.718762,139.689056,2020-04-09,06:18,blue
本票,千葉,高速道路交通警察隊,0058,負傷,0,1,42320,下,0000,204,昼－昼,雨,非市街地,舗装－湿潤,単路－その他,環状交差点以外 環状交差点以外をいう。,施設なし,対象外当事者,その他,対象外当事者,その他,単路－13.0m以上,直線－平坦,単路（交差点付近を含む）,規制なし,中央分離帯,区分あり－路側帯,車両相互,65～74歳,0～24歳,貨物車－大型車,貨物車－普通車,事業用,自家用,貨物車,貨物車,80㎞／ｈ以下,80㎞／ｈ以下,左前-無,右前-左前,小破,小破,その他,その他,その他,その他,損傷なし,損傷なし,土,その他,21,東日本高速道路,走行車線－第二通行帯以上,完全分離－その他,該当なし,平坦・該当なし,,3,該当なし,該当なし,該当なし,0,35.690749,139.968513,2020-04-18,07:05,blue
本票,千葉,高速道路交通警察隊,0059,負傷,0,1,42380,下,0000,203,昼－昼,晴,非市街地,舗装－乾燥,単路－その他,環状交差点以外 環状交差点以外をいう。,施設なし,対象外当事者,その他,対象外当事者,その他,単路－9.0m以上,直線－平坦,単路（交差点付近を含む）,規制なし,中央分離帯,区分なし,車両相互,45～54歳,45～54歳,貨物車－大型車,乗用車－普通車,事業用,自家用,貨物車,乗用車,80㎞／ｈ以下,80㎞／ｈ以下,左前-無,右前-無,小破,大破,その他,その他,その他,その他,損傷なし,負傷,木,その他,480,東日本高速道路,走行車線－第二通行帯以上,完全分離－その他,直線,平坦・該当なし,,2,該当なし,該当なし,該当なし,0,35.691634,139.942108,2020-04-23,14:40,blue
本票,神奈川,高速道路交通警察隊,0128,負傷,0,4,42710,上,8705,364,昼－昼,晴,非市街地,舗装－乾燥,単路－橋,環状交差点以外 環状交差点以外をいう。,施設なし,対象外当事者,その他,対象外当事者,その他,単路－13.0m以上,直線－平坦,単路（交差点付近を含む）,規制なし,中央分離帯,区分あり－路側帯,車両相互,25～34歳,25～34歳,乗用車－普通車,乗用車－普通車,自家用,自家用,乗用車,乗用車,80㎞／ｈ以下,80㎞／ｈ以下,前-無,前-後,大破,大破,その他,その他,その他,その他,損傷なし,負傷,土,その他,695,中日本高速道路,追越車線,完全分離－高架・橋梁,直線,平坦・該当なし,,3,該当なし,該当なし,該当なし,0,35.362262,139.043218,2020-03-21,16:15,blue
本票,神奈川,高速道路交通警察隊,0138,負傷,0,2,50330,下,0000,104,昼－昼,晴,非市街地,舗装－乾燥,単路－その他,環状交差点以外 環状交差点以外をいう。,施設なし,対象外当事者,その他,対象外当事者,その他,単路－9.0m以上,直線－平坦,単路（交差点付近を含む）,規制なし,中央分離帯,区分あり－防護柵等,車両相互,0～24歳,45～54歳,貨物車－準中型車,乗用車－普通車,自家用,自家用,貨物車,乗用車,50㎞／ｈ以下,50㎞／ｈ以下,右前-左前,左前-右前,中破,中破,その他,その他,その他,その他,損傷なし,負傷,水,当日,22,首都高速道路,追越車線,完全分離－その他,直線,平坦・該当なし,,2,該当なし,該当なし,該当なし,0,35.440781,139.648120,2020-04-29,13:00,blue