資料区分,都道府県コード,警察署等コード,本票番号,事故内容,死者数,負傷者数,路線コード,上下線,地点コード,市区町村コード,昼夜,天候,地形,路面状態,道路形状,環状交差点の直径,信号機,一時停止規制　標識（当事者A）,一時停止規制　表示（当事者A）,一時停止規制　標識（当事者B）,一時停止規制　表示（当事者B）,車道幅員,道路線形,衝突地点,ゾーン規制,中央分離帯施設等,歩車道区分,事故類型,年齢（当事者A）,年齢（当事者B）,当事者種別（当事者A）,当事者種別（当事者B）,用途別（当事者A）,用途別（当事者B）,車両形状（当事者A）,車両形状（当事者B）,速度規制（指定のみ）（当事者A）,速度規制（指定のみ）（当事者B）,車両の衝突部位（当事者A）,車両の衝突部位（当事者B）,車両の損壊程度（当事者A）,車両の損壊程度（当事者B）,エアバッグの装備（当事者A）,エアバッグの装備（当事者B）,サイドエアバッグの装備（当事者A）,サイドエアバッグの装備（当事者B）,人身損傷程度（当事者A）,人身損傷程度（当事者B）,曜日(発生年月日),祝日(発生年月日),発生地点,道路管理者区分,道路区分,道路構造,曲線半径,縦断勾配,トンネル番号,当事者車両台数,車両単独事故の対象物,臨時速度規制の有無,速度規制（臨時のみ）,トンネル延長距離,緯度,経度,発生日,発生時,color
本票,静岡,高速道路交通警察隊,0078,負傷,0,4,42720,対象外,0000,215,昼－昼,晴,非市街地,舗装－乾燥,単路－カーブ・屈折,環状交差点以外 環状交差点以外をいう。,施設なし,対象外当事者,その他,対象外当事者,その他,単路－5.5m以上,カーブ・屈折－左－下り,単路（交差点付近を含む）,規制なし,中央分離なし,区分あり－路側帯,車両相互,55～64歳,75歳以上,乗用車－普通車,乗用車－軽自動車,自家用,自家用,乗用車,乗用車,40㎞／ｈ以下,40㎞／ｈ以下,前-左前,前-右前,中破,中破,その他,装備あり 作動,その他,その他,負傷,負傷,日,その他,0,中日本高速道路,料金所等付近－その他 ランプウェイに設置された料金所及びこれに接続する広場をいう。,その他,該当なし,平坦・該当なし,,2,該当なし,該当なし,該当なし,0,35.295425,138.952342,2020-04-12,08:28,blue
本票,大阪,高速道路交通警察隊,0149,負傷,0,2,51040,対象外,0000,128,昼－明,晴,市街地－人口集中,舗装－乾燥,単路－その他,環状交差点以外 環状交差点以外をいう。,施設なし,対象外当事者,その他,対象外当事者,その他,単路－5.5m以上,直線－平坦,単路（交差点付近を含む）,規制なし,中央分離帯,区分なし,車両相互,35～44歳,45～54歳,貨物車－中型車,貨物車－普通車,事業用,自家用,貨物車,貨物車,50㎞／ｈ以下,50㎞／ｈ以下,前-無,前-後,小破,小破,その他,その他,その他,その他,損傷なし,負傷,火,その他,13,阪神高速道路,走行車線－第二通行帯以上,その他,該当なし,平坦・該当なし,,3,該当なし,該当なし,該当なし,0,34.681381,135.524129,2020-03-17,07:01,blue
本票,大阪,高速道路交通警察隊,0156,負傷,0,1,42640,対象外,0000,205,昼－昼,晴,非市街地,舗装－乾燥,一般交通の場所,環状交差点以外 環状交差点以外をいう。,施設なし,対象外当事者,その他,対象外当事者,その他,一般交通の場所,一般交通の場所,その他,規制なし,一般交通の場所,区分なし,車両相互,25～34歳,55～64歳,乗用車－普通車,二輪車－自動二輪－原付二種－51～125cc,自家用,自家用,乗用車,対象外当事者,指定の速度規制なし等,指定の速度規制なし等,前-右前,前-左,小破,小破,その他,対象外当事者,その他,対象外当事者,損傷なし,負傷,木,その他,0,西日本高速道路,その他,その他,該当なし,平坦・該当なし,,2,該当なし,該当なし,該当なし,0,34.805421,135.543059,2020-04-02,07:44,blue
本票,大阪,高速道路交通警察隊,0173,負傷,0,6,51090,上,0000,121,昼－昼,晴,非市街地,舗装－湿潤,単路－その他,環状交差点以外 環状交差点以外をいう。,施設なし,対象外当事者,その他,対象外当事者,その他,単路－13.0m以上,直線－平坦,単路（交差点付近を含む）,規制なし,中央分離なし,区分なし,車両相互,55～64歳,55～64歳,貨物車－大型車,乗用車－普通車,事業用,自家用,貨物車,乗用車,60㎞／ｈ以下,60㎞／ｈ以下,前-無,前-後,小破,小破,その他,その他,その他,その他,損傷なし,負傷,金,その他,39,阪神高速道路,走行車線－第二通行帯以上,その他,該当なし,平坦・該当なし,,3,該当なし,該当なし,該当なし,0,34.630612,135.523184,2020-03-27,12:21,blue
本票,兵庫,高速道路交通警察隊,0151,負傷,0,1,45020,下,0149,214,昼－昼,雨,市街地－人口集中,舗装－湿潤,単路－橋,環状交差点以外 環状交差点以外をいう。,施設なし,対象外当事者,その他,対象外当事者,その他,単路－19.5m以上,直線－平坦,単路（交差点付近を含む）,規制なし,中央分離帯,区分あり－路側帯,車両相互,55～64歳,45～54歳,貨物車－準中型車,貨物車－普通車,事業用,自家用,貨物車,貨物車,指定の速度規制なし等,指定の速度規制なし等,左前-無,右前-無,小破,中破,その他,その他,その他,その他,損傷なし,損傷なし,水,その他,139,西日本高速道路,走行車線－第一通行帯,完全分離－高架・橋梁,直線,平坦・該当なし,,2,該当なし,該当なし,該当なし,0,34.810763,135.397938,2020-04-01,14:36,blue
本票,兵庫,高速道路交通警察隊,0167,負傷,0,1,50230,上,0747,210,昼－昼,晴,市街地－その他,舗装－乾燥,単路－その他,環状交差点以外 環状交差点以外をいう。,施設なし,対象外当事者,その他,対象外当事者,その他,単路－13.0m以上,直線－平坦,単路（交差点付近を含む）,規制なし,中央分離帯,区分あり－路側帯,車両相互,55～64歳,0～24歳,乗用車－軽自動車,特殊車－大型－その他,自家用,対象外当事者,乗用車,対象外当事者,60㎞／ｈ以下,60㎞／ｈ以下,右前-無,左前-無,中破,小破,その他,対象外当事者,その他,対象外当事者,負傷,損傷なし,金,その他,737,国土交通省,走行車線－第二通行帯以上,完全分離－盛土,直線,平坦・該当なし,,2,該当なし,該当なし,該当なし,0,34.777278,134.837509,2020-04-24,08:35,blue
本票,福岡,高速道路交通警察隊,0557,負傷,0,2,47010,上,0803,221,昼－昼,曇,市街地－人口集中,舗装－乾燥,単路－その他,環状交差点以外 環状交差点以外をいう。,施設なし,対象外当事者,その他,対象外当事者,その他,単路－19.5m以上,直線－平坦,単路（交差点付近を含む）,規制なし,中央分離帯,区分あり－路側帯,車両相互,25～34歳,75歳以上,乗用車－普通車,乗用車－軽自動車,自家用,自家用,乗用車,乗用車,40㎞／ｈ以下,40㎞／ｈ以下,前-無,前-無,小破,小破,その他,その他,その他,その他,負傷,損傷なし,日,その他,803,西日本高速道路,走行車線－第一通行帯,完全分離－その他,直線,平坦・該当なし,,2,該当なし,該当なし,40㎞/h以下,0,33.531294,130.495054,2020-03-22,17:01,blue
本票,福岡,高速道路交通警察隊,2006,負傷,0,1,47170,上,0209,213,昼－昼,晴,市街地－その他,舗装－乾燥,単路－その他,環状交差点以外 環状交差点以外をいう。,施設なし,対象外当事者,その他,対象外当事者,その他,単路－5.5m以上,直線－平坦,単路（交差点付近を含む）,規制なし,中央分離帯,区分あり－路側帯,車両相互,35～44歳,45～54歳,乗用車－普通車,乗用車－軽自動車,自家用,自家用,乗用車,乗用車,70㎞／ｈ以下,70㎞／ｈ以下,左前-無,右前-無,中破,中破,その他,その他,その他,その他,損傷なし,負傷,木,その他,209,西日本高速道路,走行車線－第一通行帯,完全分離－盛土,直線,平坦・該当なし,,2,該当なし,該当なし,70㎞/h以下,0,33.700151,130.977028,2020-04-30,11:00,blue
本票,鹿児島,第二交通機動隊,0005,負傷,0,2,50120,下,0000,203,夜－夜,晴,非市街地,舗装－乾燥,交差点付近－その他,環状交差点以外 環状交差点以外をいう。,点灯－３灯式,対象外当事者,その他,対象外当事者,その他,単路－5.5m以上,直線－平坦,単路（交差点付近を含む）,規制なし,中央分離帯,区分あり－路側帯,車両相互,35～44歳,55～64歳,乗用車－軽自動車,乗用車－軽自動車,自家用,自家用,乗用車,乗用車,50㎞／ｈ以下,50㎞／ｈ以下,前-前,前-後,小破,小破,その他,その他,その他,その他,損傷なし,負傷,火,その他,0,地方道路公社,走行車線－第一通行帯,完全分離－盛土,直線,平坦－２％以上,,4,該当なし,該当なし,該当なし,0,31.399003,130.888857,2020-04-07,19:45,blue
本票,宮城,高速道路交通警察隊,0020,負傷,0,2,50040,下,0000,101,昼－昼,晴,非市街地,舗装－乾燥,単路－トンネル,環状交差点以外 環状交差点以外をいう。,施設なし,対象外当事者,その他,対象外当事者,その他,単路－13.0m以上,直線－平坦,単路（交差点付近を含む）,規制なし,中央分離帯,区分なし,車両相互,35～44歳,65～74歳,乗用車－普通車,乗用車－普通車,自家用,自家用,乗用車,乗用車,60㎞／ｈ以下,60㎞／ｈ以下,前-無,前-後,中破,中破,その他,その他,その他,その他,損傷なし,損傷なし,木,その他,40,国土交通省,走行車線－第二通行帯以上,完全分離－トンネル,直線,平坦・該当なし,白老,3,該当なし,該当なし,該当なし,2233,38.260176,140.824808,2020-05-07,08:42,blue
本票,長野,高速道路交通警察隊,0015,負傷,0,1,42680,下,0007,204,昼－昼,晴,非市街地,舗装－乾燥,単路－その他,環状交差点以外 環状交差点以外をいう。,施設なし,対象外当事者,その他,対象外当事者,その他,単路－9.0m以上,直線－平坦,単路（交差点付近を含む）,規制なし,中央分離帯,区分なし,車両相互,0～24歳,25～34歳,乗用車－普通車,貨物車－普通車,自家用,自家用,乗用車,貨物車,70㎞／ｈ以下,70㎞／ｈ以下,右前-右後,左前-左後,小破,小破,その他,その他,その他,その他,損傷なし,負傷,木,その他,7,中日本高速道路,追越車線,完全分離－高架・橋梁,直線,平坦・該当なし,,2,該当なし,該当なし,該当なし,0,36.055594,138.041210,2020-04-09,12:50,blue
本票,愛知,高速道路交通警察隊,0166,負傷,0,1,51110,上,0000,107,昼－昼,晴,非市街地,舗装－乾燥,単路－その他,環状交差点以外 環状交差点以外をいう。,施設なし,対象外当事者,その他,対象外当事者,その他,単路－5.5m以上,直線－平坦,単路（交差点付近を含む）,規制なし,中央分離帯,区分なし,車両相互,45～54歳,35～44歳,乗用車－普通車,乗用車－軽自動車,自家用,自家用,乗用車,乗用車,60㎞／ｈ以下,60㎞／ｈ以下,前-無,前-後,小破,小破,その他,その他,その他,その他,損傷なし,負傷,木,その他,5,名古屋高速,追越車線,完全分離－高架・橋梁,直線,平坦・該当なし,,3,該当なし,該当なし,該当なし,0,35.147298,136.917481,2020-05-28,07:35,blue
本票,大阪,高速道路交通警察隊,0182,負傷,0,1,52110,下,0000,107,昼－昼,雨,非市街地,舗装－湿潤,単路－カーブ・屈折,環状交差点以外 環状交差点以外をいう。,施設なし,対象外当事者,その他,対象外当事者,その他,単路－9.0m以上,カーブ・屈折－左－平坦,単路（交差点付近を含む）,規制なし,中央分離帯,区分あり－路側帯,車両相互,25～34歳,25～34歳,乗用車－普通車,二輪車－自動二輪－軽二輪－126～250cc,自家用,自家用,乗用車,対象外当事者,60㎞／ｈ以下,60㎞／ｈ以下,前-右,前-無,小破,小破,その他,対象外当事者,その他,対象外当事者,損傷なし,負傷,月,その他,51,阪神高速道路,走行車線－第二通行帯以上,完全分離－その他,カーブ－300m以上,平坦・該当なし,,2,該当なし,該当なし,該当なし,0,34.663731,135.450745,2020-04-20,08:29,blue
本票,大阪,高速道路交通警察隊,0184,負傷,0,1,52080,下,0000,206,夜－夜,晴,市街地－人口集中,舗装－乾燥,一般交通の場所,環状交差点以外 環状交差点以外をいう。,施設なし,対象外当事者,その他,対象外当事者,その他,一般交通の場所,一般交通の場所,その他,規制なし,一般交通の場所,区分なし,車両相互,0～24歳,45～54歳,乗用車－普通車,乗用車－普通車,自家用,自家用,乗用車,乗用車,指定の速度規制なし等,指定の速度規制なし等,右前-無,左前-無,小破,小破,その他,その他,その他,その他,損傷なし,負傷,土,その他,0,阪神高速道路,パーキングエリア,その他,該当なし,平坦・該当なし,,2,該当なし,該当なし,該当なし,0,34.507623,135.396052,2020-04-11,23:15,blue
本票,大阪,高速道路交通警察隊,0191,負傷,0,1,51090,上,0000,126,昼－昼,晴,非市街地,舗装－乾燥,単路－その他,環状交差点以外 環状交差点以外をいう。,施設なし,対象外当事者,その他,対象外当事者,その他,単路－5.5m以上,直線－平坦,単路（交差点付近を含む）,規制なし,中央分離帯,区分なし,車両相互,55～64歳,25～34歳,貨物車－大型車,乗用車－普通車,事業用,自家用,貨物車,乗用車,60㎞／ｈ以下,60㎞／ｈ以下,左前-無,右前-無,小破,小破,その他,その他,その他,その他,損傷なし,負傷,火,その他,90,阪神高速道路,走行車線－第一通行帯,その他,該当なし,平坦・該当なし,,2,該当なし,該当なし,該当なし,0,34.600339,135.550156,2020-05-19,06:10,blue
本票,東京,高速道路交通警察隊,0238,負傷,0,1,42620,下,0000,201,昼－昼,曇,非市街地,舗装－乾燥,単路－その他,環状交差点以外 環状交差点以外をいう。,施設なし,対象外当事者,その他,対象外当事者,その他,単路－3.5m未満,直線－平坦,単路（交差点付近を含む）,規制なし,中央分離帯,区分あり－路側帯,車両相互,25～34歳,35～44歳,乗用車－軽自動車,二輪車－自動二輪－小型二輪－751ｃｃ以上,自家用,自家用,乗用車,対象外当事者,80㎞／ｈ以下,80㎞／ｈ以下,前-左前,前-無,小破,小破,その他,対象外当事者,その他,対象外当事者,損傷なし,負傷,土,その他,335,中日本高速道路,走行車線－第二通行帯以上,その他,該当なし,平坦・該当なし,,2,該当なし,該当なし,該当なし,0,35.655348,139.271156,2020-06-27,10:35,blue
本票,東京,高速道路交通警察隊,0250,負傷,0,2,50130,上,0000,103,昼－昼,晴,市街地－人口集中,舗装－乾燥,単路－その他,環状交差点以外 環状交差点以外をいう。,施設なし,対象外当事者,その他,対象外当事者,その他,単路－9.0m以上,直線－平坦,単路（交差点付近を含む）,規制なし,中央分離帯,区分なし,車両相互,25～34歳,25～34歳,乗用車－普通車,貨物車－普通車,自家用,自家用,乗用車,貨物車,60㎞／ｈ以下,60㎞／ｈ以下,前-後,前-無,小破,小破,その他,その他,その他,その他,負傷,損傷なし,日,その他,100,西日本高速道路,走行車線－第一通行帯,完全分離－高架・橋梁,直線,平坦・該当なし,,3,該当なし,該当なし,該当なし,0,35.678751,139.736931,2020-06-21,11:30,blue
本票,栃木,高速道路交通警察隊,0016,負傷,0,1,41010,上,1624,407,夜－暮,晴,非市街地,舗装－乾燥,単路－その他,環状交差点以外 環状交差点以外をいう。,施設なし,対象外当事者,その他,対象外当事者,その他,単路－9.0m以上,直線－平坦,単路（交差点付近を含む）,規制なし,中央分離帯,区分あり－路側帯,車両相互,45～54歳,55～64歳,貨物車－大型車,貨物車－普通車,事業用,自家用,貨物車,貨物車,指定の速度規制なし等,指定の速度規制なし等,左前-無,右前-無,損壊なし,損壊なし,その他,その他,その他,その他,損傷なし,負傷,火,その他,1624,東日本高速道路,走行車線－第一通行帯,完全分離－高低分離,直線,平坦・該当なし,,2,該当なし,該当なし,該当なし,0,37.052998,140.092431,2020-06-09,19:40,blue
本票,栃木,高速道路交通警察隊,0021,負傷,0,1,42540,下,1232,301,昼－昼,雨,市街地－その他,舗装－湿潤,単路－その他,環状交差点以外 環状交差点以外をいう。,施設なし,対象外当事者,その他,対象外当事者,その他,単路－9.0m以上,直線－平坦,単路（交差点付近を含む）,規制なし,中央分離帯,区分あり－防護柵等,車両相互,55～64歳,45～54歳,乗用車－普通車,乗用車－普通車,自家用,自家用,乗用車,乗用車,100㎞/h以下,100㎞/h以下,右前-無,左前-無,小破,小破,その他,その他,その他,その他,損傷なし,負傷,日,その他,1232,東日本高速道路,追越車線,完全分離－その他,直線,平坦・該当なし,,2,該当なし,該当なし,該当なし,0,36.464148,139.949965,2020-06-14,12:58,blue
本票,神奈川,高速道路交通警察隊,0167,負傷,0,1,51010,下,0000,106,昼－昼,雨,非市街地,舗装－湿潤,単路－その他,環状交差点以外 環状交差点以外をいう。,施設なし,対象外当事者,その他,対象外当事者,その他,単路－13.0m以上,直線－平坦,単路（交差点付近を含む）,規制なし,中央分離帯,区分なし,車両相互,35～44歳,25～34歳,貨物車－準中型車,乗用車－普通車,自家用,自家用,貨物車,乗用車,80㎞／ｈ以下,80㎞／ｈ以下,右前-無,左前-左後,小破,中破,その他,その他,その他,その他,損傷なし,負傷,金,その他,10,国土交通省,追越車線,完全分離－切土,該当なし,平坦・該当なし,,2,該当なし,該当なし,該当なし,0,35.453470,139.557849,2020-06-19,16:22,blue
本票,静岡,高速道路交通警察隊,0090,負傷,0,1,42720,下,0000,133,昼－昼,曇,非市街地,舗装－乾燥,単路－その他,環状交差点以外 環状交差点以外をいう。,施設なし,対象外当事者,その他,対象外当事者,その他,単路－9.0m以上,直線－平坦,単路（交差点付近を含む）,規制なし,中央分離帯,区分あり－路側帯,車両相互,55～64歳,35～44歳,乗用車－普通車,貨物車－普通車,自家用,自家用,乗用車,貨物車,指定の速度規制なし等,100㎞/h以下,右前-右後,左前-右前,小破,中破,その他,その他,その他,その他,負傷,損傷なし,金,その他,2410,中日本高速道路,走行車線－第一通行帯,完全分離－その他,直線,平坦・該当なし,,2,該当なし,該当なし,該当なし,0,34.764670,137.673823,2020-06-12,14:20,blue
本票,愛知,高速道路交通警察隊,0179,負傷,0,1,50100,下,0000,222,昼－暮,晴,市街地－その他,舗装－乾燥,単路－その他,環状交差点以外 環状交差点以外をいう。,施設なし,対象外当事者,その他,対象外当事者,その他,単路－13.0m以上,直線－平坦,単路（交差点付近を含む）,規制なし,中央分離帯,区分なし,車両相互,25～34歳,25～34歳,乗用車－普通車,乗用車－普通車,自家用,自家用,乗用車,乗用車,70㎞／ｈ以下,70㎞／ｈ以下,前-無,前-後,小破,小破,その他,その他,その他,その他,損傷なし,負傷,水,その他,31,都道府県,追越車線,完全分離－盛土,直線,平坦・該当なし,,3,該当なし,該当なし,該当なし,0,35.040278,136.895720,2020-06-03,18:05,blue
本票,愛知,高速道路交通警察隊,0190,負傷,0,2,44110,上,0000,232,昼－昼,晴,非市街地,舗装－乾燥,単路－その他,環状交差点以外 環状交差点以外をいう。,施設なし,対象外当事者,その他,対象外当事者,その他,単路－5.5m以上,直線－平坦,単路（交差点付近を含む）,規制なし,中央分離帯,区分なし,車両相互,45～54歳,75歳以上,貨物車－中型車,乗用車－普通車,事業用,自家用,貨物車,乗用車,50㎞／ｈ以下,50㎞／ｈ以下,前-無,前-後,小破,中破,その他,その他,その他,その他,損傷なし,負傷,月,その他,360,中日本高速道路,追越車線,完全分離－高架・橋梁,直線,平坦・該当なし,,3,該当なし,あり－工事等,50㎞/h以下,0,35.132018,136.742572,2020-06-15,14:57,blue
本票,愛知,高速道路交通警察隊,0193,負傷,0,2,44120,下,0000,103,昼－昼,雨,市街地－その他,舗装－湿潤,単路－カーブ・屈折,環状交差点以外 環状交差点以外をいう。,施設なし,対象外当事者,その他,対象外当事者,その他,単路－5.5m以上,カーブ・屈折－右－平坦,その他,規制なし,中央分離帯,区分なし,車両相互,45～54歳,0～24歳,貨物車－大型車,貨物車－準中型車,事業用,事業用,貨物車,貨物車,40㎞／ｈ以下,40㎞／ｈ以下,前-無,前-後,小破,小破,その他,その他,その他,その他,損傷なし,負傷,木,その他,139,中日本高速道路,ジャンクション,完全分離－高架・橋梁,カーブ－100m未満,平坦－２％以上,,3,該当なし,該当なし,該当なし,0,35.228714,136.910360,2020-06-18,14:00,blue
本票,愛知,高速道路交通警察隊,0194,負傷,0,1,42820,下,0000,222,昼－昼,雨,非市街地,舗装－湿潤,単路－その他,環状交差点以外 環状交差点以外をいう。,施設なし,対象外当事者,その他,対象外当事者,その他,単路－9.0m以上,直線－平坦,単路（交差点付近を含む）,規制なし,中央分離帯,区分なし,車両相互,25～34歳,45～54歳,乗用車－普通車,貨物車－普通車,自家用,自家用,乗用車,貨物車,指定の速度規制なし等,指定の速度規制なし等,前-後,前-無,小破,小破,その他,その他,その他,その他,損傷なし,損傷なし,金,その他,286,中日本高速道路,走行車線－第二通行帯以上,完全分離－盛土,直線,平坦・該当なし,,3,該当なし,該当なし,該当なし,0,35.047890,136.913982,2020-06-19,15:55,blue
本票,愛知,高速道路交通警察隊,0197,負傷,0,2,51120,下,0000,108,昼－昼,晴,市街地－その他,舗装－乾燥,単路－その他,環状交差点以外 環状交差点以外をいう。,施設なし,対象外当事者,その他,対象外当事者,その他,単路－9.0m以上,直線－平坦,単路（交差点付近を含む）,規制なし,中央分離帯,区分なし,車両相互,45～54歳,55～64歳,乗用車－普通車,貨物車－軽自動車,自家用,事業用,乗用車,貨物車,60㎞／ｈ以下,60㎞／ｈ以下,前-無,前-後,小破,小破,その他,その他,その他,その他,損傷なし,負傷,火,その他,20,名古屋高速,追越車線,完全分離－高架・橋梁,直線,平坦・該当なし,,3,該当なし,該当なし,該当なし,0,35.134098,136.918938,2020-06-16,07:46,blue
本票,大阪,高速道路交通警察隊,0224,負傷,0,3,42640,下,0000,211,昼－昼,晴,市街地－人口集中,舗装－乾燥,単路－その他,環状交差点以外 環状交差点以外をいう。,施設なし,対象外当事者,その他,対象外当事者,その他,単路－13.0m以上,直線－平坦,単路（交差点付近を含む）,規制なし,中央分離帯,区分なし,車両相互,25～34歳,0～24歳,乗用車－普通車,乗用車－普通車,自家用,自家用,乗用車,乗用車,80㎞／ｈ以下,80㎞／ｈ以下,右前-無,左前-無,小破,小破,その他,その他,その他,その他,損傷なし,負傷,火,その他,5125,西日本高速道路,追越車線,完全分離－その他,直線,平坦・該当なし,,2,該当なし,該当なし,該当なし,0,34.824014,135.554864,2020-05-26,06:37,blue
本票,岡山,高速道路交通警察隊,0010,負傷,0,1,45010,上,0000,214,夜－夜,曇,非市街地,舗装－湿潤,単路－その他,環状交差点以外 環状交差点以外をいう。,施設なし,対象外当事者,その他,対象外当事者,その他,単路－5.5m以上,直線－平坦,単路（交差点付近を含む）,規制なし,中央分離帯,区分あり－路側帯,車両相互,55～64歳,65～74歳,貨物車－大型車,乗用車－普通車,事業用,自家用,貨物車,乗用車,80㎞／ｈ以下,80㎞／ｈ以下,左前-無,前-右後,小破,大破,その他,その他,その他,その他,損傷なし,負傷,水,その他,1897,西日本高速道路,路肩,完全分離－その他,直線,平坦・該当なし,,2,該当なし,該当なし,該当なし,0,34.990786,133.692166,2020-06-10,22:06,blue
本票,熊本,高速道路交通警察隊,0014,負傷,0,1,50010,対象外,0000,202,昼－昼,雨,非市街地,舗装－湿潤,単路－トンネル,環状交差点以外 環状交差点以外をいう。,施設なし,対象外当事者,その他,対象外当事者,その他,単路－5.5m以上,直線－平坦,単路（交差点付近を含む）,規制なし,中央線－ポストコーン,区分あり－防護柵等,車両相互,55～64歳,35～44歳,貨物車－大型車,貨物車－準中型車,事業用,自家用,貨物車,貨物車,70㎞／ｈ以下,70㎞／ｈ以下,左前-無,右前-無,大破,大破,その他,装備あり 作動,その他,その他,負傷,損傷なし,土,その他,127,国土交通省,走行車線－第一通行帯,非分離－トンネル,該当なし,平坦－１％未満,朝里,2,該当なし,該当なし,該当なし,1936,32.424284,130.563468,2020-05-16,08:10,blue
本票,岩手,高速道路交通警察隊,0016,負傷,0,1,50210,下,2596,202,昼－昼,曇,非市街地,舗装－湿潤,単路－カーブ・屈折,環状交差点以外 環状交差点以外をいう。,施設なし,対象外当事者,その他,対象外当事者,その他,単路－9.0m以上,カーブ・屈折－左－平坦,単路（交差点付近を含む）,規制なし,中央分離帯,区分なし,車両相互,65～74歳,45～54歳,乗用車－普通車,貨物車－普通車,自家用,自家用,乗用車,貨物車,70㎞／ｈ以下,70㎞／ｈ以下,前-無,前-無,中破,中破,その他,その他,その他,その他,負傷,損傷なし,水,その他,2596,国土交通省,走行車線－第一通行帯,完全分離－その他,カーブ－1000m以上,平坦－１％以上,,2,該当なし,該当なし,該当なし,0,39.612015,141.934616,2020-07-01,15:45,blue
本票,岩手,高速道路交通警察隊,0017,負傷,0,2,41040,下,5769,213,昼－昼,雨,非市街地,舗装－湿潤,単路－その他,環状交差点以外 環状交差点以外をいう。,施設なし,対象外当事者,その他,対象外当事者,その他,単路－13.0m以上,直線－平坦,単路（交差点付近を含む）,規制なし,中央分離帯,区分なし,車両相互,65～74歳,25～34歳,貨物車－中型車,貨物車－準中型車,事業用,自家用,貨物車,貨物車,50㎞／ｈ以下,50㎞／ｈ以下,左前-左,前-左前,小破,小破,その他,その他,その他,その他,損傷なし,負傷,水,その他,5769,東日本高速道路,走行車線－第一通行帯,完全分離－その他,直線,平坦・該当なし,,2,該当なし,あり－工事等,50㎞/h以下,0,40.181207,141.164844,2020-07-15,06:45,blue
本票,宮城,高速道路交通警察隊,0027,負傷,0,1,41010,対象外,0000,215,昼－暮,雨,非市街地,舗装－湿潤,単路－その他,環状交差点以外 環状交差点以外をいう。,施設なし,対象外当事者,その他,対象外当事者,その他,単路－13.0m以上,直線－平坦,単路（交差点付近を含む）,規制なし,中央分離帯,区分なし,車両相互,25～34歳,25～34歳,乗用車－普通車,乗用車－軽自動車,自家用,自家用,乗用車,乗用車,80㎞／ｈ以下,80㎞／ｈ以下,前-無,前-左,小破,中破,その他,装備あり 作動,その他,装備あり 作動,負傷,損傷なし,土,その他,3816,東日本高速道路,走行車線－第一通行帯,完全分離－盛土,直線,平坦・該当なし,,2,該当なし,あり－その他,80㎞/h以下,0,38.640383,140.966022,2020-07-04,18:12,blue
本票,東京,高速道路交通警察隊,0273,負傷,0,1,50290,上,0000,104,昼－昼,雨,市街地－人口集中,舗装－乾燥,単路－その他,環状交差点以外 環状交差点以外をいう。,施設なし,対象外当事者,その他,対象外当事者,その他,単路－3.5m以上,直線－平坦,単路（交差点付近を含む）,規制なし,中央分離帯,区分なし,車両相互,45～54歳,35～44歳,乗用車－普通車,貨物車－軽自動車,自家用,自家用,乗用車,貨物車,60㎞／ｈ以下,60㎞／ｈ以下,前-無,前-無,小破,小破,その他,その他,その他,その他,負傷,損傷なし,月,その他,0,首都高速道路,走行車線－第一通行帯,完全分離－高架・橋梁,直線,平坦・該当なし,,2,該当なし,該当なし,60㎞/h以下,0,35.721531,139.691513,2020-07-06,09:25,blue
本票,東京,高速道路交通警察隊,0314,負傷,0,1,50150,上,0000,119,昼－昼,晴,市街地－人口集中,舗装－湿潤,単路－その他,環状交差点以外 環状交差点以外をいう。,施設なし,対象外当事者,その他,対象外当事者,その他,単路－9.0m以上,直線－平坦,単路（交差点付近を含む）,規制なし,中央分離帯,区分なし,車両相互,25～34歳,45～54歳,貨物車－準中型車,貨物車－普通車,自家用,自家用,貨物車,貨物車,60㎞／ｈ以下,60㎞／ｈ以下,前-無,前-後,小破,小破,その他,その他,その他,その他,損傷なし,損傷なし,月,その他,0,首都高速道路,追越車線,完全分離－その他,直線,平坦・該当なし,,3,該当なし,該当なし,該当なし,0,35.781471,139.666543,2020-07-20,07:45,blue