資料区分,都道府県コード,警察署等コード,本票番号,事故内容,死者数,負傷者数,路線コード,上下線,地点コード,市区町村コード,昼夜,天候,地形,路面状態,道路形状,環状交差点の直径,信号機,一時停止規制　標識（当事者A）,一時停止規制　表示（当事者A）,一時停止規制　標識（当事者B）,一時停止規制　表示（当事者B）,車道幅員,道路線形,衝突地点,ゾーン規制,中央分離帯施設等,歩車道区分,事故類型,年齢（当事者A）,年齢（当事者B）,当事者種別（当事者A）,当事者種別（当事者B）,用途別（当事者A）,用途別（当事者B）,車両形状（当事者A）,車両形状（当事者B）,速度規制（指定のみ）（当事者A）,速度規制（指定のみ）（当事者B）,車両の衝突部位（当事者A）,車両の衝突部位（当事者B）,車両の損壊程度（当事者A）,車両の損壊程度（当事者B）,エアバッグの装備（当事者A）,エアバッグの装備（当事者B）,サイドエアバッグの装備（当事者A）,サイドエアバッグの装備（当事者B）,人身損傷程度（当事者A）,人身損傷程度（当事者B）,曜日(発生年月日),祝日(発生年月日),発生地点,道路管理者区分,道路区分,道路構造,曲線半径,縦断勾配,トンネル番号,当事者車両台数,車両単独事故の対象物,臨時速度規制の有無,速度規制（臨時のみ）,トンネル延長距離,緯度,経度,発生日,発生時,color
本票,茨城,高速道路交通警察隊,0023,負傷,0,3,42120,下,0000,236,夜－夜,雨,非市街地,舗装－湿潤,単路－その他,環状交差点以外 環状交差点以外をいう。,施設なし,対象外当事者,その他,対象外当事者,その他,単路－9.0m以上,直線－平坦,単路（交差点付近を含む）,規制なし,中央分離帯,区分なし,車両相互,55～64歳,75歳以上,乗用車－普通車,貨物車－普通車,自家用,自家用,乗用車,貨物車,指定の速度規制なし等,指定の速度規制なし等,左前-無,左前-後,大破,大破,その他,装備あり 作動,装備あり 作動,装備あり 作動,負傷,負傷,月,その他,641,東日本高速道路,追越車線,完全分離－その他,直線,平坦・該当なし,,4,該当なし,該当なし,該当なし,0,36.226090,140.290240,2020-07-13,20:29,blue
本票,埼玉,高速道路交通警察隊,0144,負傷,0,2,41020,下,0000,246,夜－夜,雨,非市街地,舗装－湿潤,単路－その他,環状交差点以外 環状交差点以外をいう。,施設なし,対象外当事者,その他,対象外当事者,その他,単路－13.0m以上,直線－平坦,単路（交差点付近を含む）,規制なし,中央分離帯,区分なし,車両相互,55～64歳,25～34歳,乗用車－普通車,貨物車－普通車,自家用,自家用,乗用車,貨物車,80㎞／ｈ以下,80㎞／ｈ以下,右前-右,左前-無,小破,小破,その他,その他,その他,その他,負傷,損傷なし,土,その他,207,東日本高速道路,走行車線－第二通行帯以上,完全分離－その他,直線,平坦－１％未満,,2,該当なし,該当なし,80㎞/h以下,0,36.013934,139.674917,2020-03-28,21:38,blue
本票,埼玉,高速道路交通警察隊,0152,負傷,0,1,50180,下,0000,108,昼－昼,晴,非市街地,舗装－乾燥,単路－その他,環状交差点以外 環状交差点以外をいう。,施設なし,対象外当事者,その他,対象外当事者,その他,単路－19.5m以上,直線－平坦,単路（交差点付近を含む）,規制なし,中央分離帯,区分あり－防護柵等,車両相互,35～44歳,25～34歳,貨物車－準中型車,乗用車－普通車,自家用,自家用,貨物車,乗用車,60㎞／ｈ以下,60㎞／ｈ以下,右前-無,左前-左,小破,小破,その他,その他,その他,その他,負傷,損傷なし,日,その他,14,首都高速道路,走行車線－第一通行帯,完全分離－その他,直線,平坦－１％未満,,2,該当なし,該当なし,該当なし,0,35.833060,139.632803,2020-07-12,13:00,blue
本票,神奈川,高速道路交通警察隊,0189,負傷,0,1,50030,上,0000,102,昼－昼,晴,非市街地,舗装－乾燥,単路－カーブ・屈折,環状交差点以外 環状交差点以外をいう。,施設なし,対象外当事者,その他,対象外当事者,その他,単路－13.0m以上,カーブ・屈折－右－平坦,単路（交差点付近を含む）,規制なし,中央分離帯,区分なし,車両相互,45～54歳,55～64歳,貨物車－普通車,貨物車－軽自動車,自家用,自家用,貨物車,貨物車,60㎞／ｈ以下,60㎞／ｈ以下,右前-無,左前-左,小破,小破,その他,その他,その他,その他,損傷なし,負傷,土,その他,142,首都高速道路,追越車線,完全分離－高架・橋梁,カーブ－200m以上,平坦・該当なし,,2,該当なし,該当なし,該当なし,0,35.469172,139.629414,2020-07-11,10:25,blue
本票,神奈川,高速道路交通警察隊,0207,負傷,0,1,51010,下,0000,112,昼－昼,曇,非市街地,舗装－湿潤,単路－その他,環状交差点以外 環状交差点以外をいう。,施設なし,対象外当事者,その他,対象外当事者,その他,単路－13.0m以上,直線－平坦,単路（交差点付近を含む）,規制なし,中央分離帯,区分なし,車両相互,25～34歳,55～64歳,乗用車－普通車,二輪車－自動二輪－小型二輪－751ｃｃ以上,自家用,自家用,乗用車,対象外当事者,80㎞／ｈ以下,80㎞／ｈ以下,左前-無,前-無,小破,小破,その他,対象外当事者,その他,対象外当事者,損傷なし,負傷,木,当日,69,国土交通省,走行車線－第二通行帯以上,完全分離－盛土,該当なし,平坦・該当なし,,2,該当なし,該当なし,該当なし,0,35.486071,139.509007,2020-07-23,09:50,blue
本票,神奈川,高速道路交通警察隊,0220,負傷,0,3,50020,下,0000,102,昼－昼,曇,非市街地,舗装－乾燥,単路－その他,環状交差点以外 環状交差点以外をいう。,施設なし,対象外当事者,その他,対象外当事者,その他,単路－19.5m以上,直線－平坦,単路（交差点付近を含む）,規制なし,中央分離帯,区分なし,車両相互,25～34歳,25～34歳,貨物車－準中型車,貨物車－軽自動車,事業用,自家用,貨物車,貨物車,60㎞／ｈ以下,60㎞／ｈ以下,前-無,前-後,小破,小破,その他,その他,その他,その他,損傷なし,負傷,水,その他,142,東日本高速道路,走行車線－第二通行帯以上,完全分離－切土,該当なし,平坦・該当なし,,3,該当なし,該当なし,60㎞/h以下,0,35.488206,139.592414,2020-07-29,08:05,blue
本票,静岡,高速道路交通警察隊,0099,負傷,0,1,42820,下,0000,220,昼－昼,曇,非市街地,舗装－乾燥,単路－その他,環状交差点以外 環状交差点以外をいう。,施設なし,対象外当事者,その他,対象外当事者,その他,単路－5.5m以上,直線－平坦,単路（交差点付近を含む）,規制なし,中央分離帯,区分あり－路側帯,車両相互,35～44歳,25～34歳,貨物車－中型車,乗用車－普通車,事業用,自家用,貨物車,乗用車,指定の速度規制なし等,指定の速度規制なし等,左前-右前,右前-右,中破,中破,その他,その他,その他,その他,負傷,損傷なし,月,その他,573,中日本高速道路,走行車線－第二通行帯以上,完全分離－その他,直線,平坦・該当なし,,2,該当なし,該当なし,該当なし,0,35.231350,138.895125,2020-06-29,15:32,blue
本票,愛知,高速道路交通警察隊,0207,負傷,0,1,42720,下,0000,211,昼－昼,雨,非市街地,舗装－湿潤,単路－その他,環状交差点以外 環状交差点以外をいう。,施設なし,対象外当事者,その他,対象外当事者,その他,単路－9.0m以上,直線－平坦,単路（交差点付近を含む）,規制なし,中央分離帯,区分あり－防護柵等,車両相互,45～54歳,45～54歳,乗用車－普通車,貨物車－普通車,自家用,自家用,乗用車,貨物車,指定の速度規制なし等,指定の速度規制なし等,右前-左前,左前-右前,小破,中破,その他,その他,その他,その他,負傷,損傷なし,金,その他,3064,中日本高速道路,走行車線－第一通行帯,完全分離－切土,直線,平坦・該当なし,,2,該当なし,該当なし,該当なし,0,35.035767,137.129278,2020-06-19,11:00,blue
本票,愛知,高速道路交通警察隊,0235,負傷,0,3,42820,下,0000,229,昼－昼,雨,非市街地,舗装－湿潤,単路－その他,環状交差点以外 環状交差点以外をいう。,施設なし,対象外当事者,その他,対象外当事者,その他,単路－5.5m以上,直線－平坦,単路（交差点付近を含む）,規制なし,中央分離帯,区分あり－路側帯,車両相互,0～24歳,25～34歳,乗用車－普通車,貨物車－普通車,自家用,自家用,乗用車,貨物車,指定の速度規制なし等,指定の速度規制なし等,前-無,前-無,小破,小破,その他,その他,その他,その他,損傷なし,負傷,月,その他,215,中日本高速道路,走行車線－第二通行帯以上,完全分離－高架・橋梁,直線,平坦・該当なし,,2,該当なし,該当なし,該当なし,0,35.043718,136.988221,2020-07-13,14:00,blue
本票,大阪,高速道路交通警察隊,0239,負傷,0,1,51090,対象外,0000,126,昼－昼,雨,市街地－人口集中,舗装－湿潤,単路－その他,環状交差点以外 環状交差点以外をいう。,施設なし,対象外当事者,その他,対象外当事者,その他,単路－19.5m以上,直線－平坦,単路（交差点付近を含む）,規制なし,中央分離帯,区分なし,車両相互,35～44歳,35～44歳,乗用車－普通車,乗用車－普通車,自家用,自家用,乗用車,乗用車,40㎞／ｈ以下,40㎞／ｈ以下,前-無,前-後,小破,小破,その他,その他,その他,その他,損傷なし,損傷なし,月,その他,93,阪神高速道路,走行車線－第二通行帯以上,その他,該当なし,平坦・該当なし,,3,該当なし,該当なし,40㎞/h以下,0,34.596611,135.550024,2020-07-06,09:08,blue
本票,大阪,高速道路交通警察隊,0253,負傷,0,1,52100,下,0000,106,昼－昼,雨,非市街地,舗装－湿潤,単路－カーブ・屈折,環状交差点以外 環状交差点以外をいう。,施設なし,対象外当事者,その他,対象外当事者,その他,単路－5.5m以上,カーブ・屈折－右－平坦,単路（交差点付近を含む）,規制なし,中央分離帯,区分なし,車両相互,35～44歳,35～44歳,乗用車－普通車,乗用車－普通車,自家用,自家用,乗用車,乗用車,40㎞／ｈ以下,40㎞／ｈ以下,左前-無,右前-無,中破,中破,その他,その他,その他,その他,損傷なし,負傷,火,その他,4,阪神高速道路,走行車線－第二通行帯以上,完全分離－高架・橋梁,カーブ－300m以上,平坦・該当なし,,2,該当なし,該当なし,該当なし,0,34.681357,135.486445,2020-07-14,08:10,blue
本票,大阪,高速道路交通警察隊,0265,負傷,0,3,50010,対象外,0000,128,昼－昼,曇,非市街地,舗装－乾燥,単路－その他,環状交差点以外 環状交差点以外をいう。,施設なし,対象外当事者,その他,対象外当事者,その他,単路－19.5m以上,直線－平坦,単路（交差点付近を含む）,規制なし,中央分離なし,区分あり－路側帯,車両相互,35～44歳,35～44歳,乗用車－普通車,乗用車－普通車,自家用,自家用,乗用車,乗用車,60㎞／ｈ以下,60㎞／ｈ以下,前-無,前-後,小破,小破,その他,その他,その他,その他,損傷なし,負傷,火,その他,22,阪神高速道路,走行車線－第二通行帯以上,その他,該当なし,平坦・該当なし,,4,該当なし,該当なし,該当なし,0,34.690636,135.497589,2020-07-14,15:29,blue
本票,大阪,高速道路交通警察隊,0267,負傷,0,1,50010,対象外,0000,128,昼－昼,雨,非市街地,舗装－湿潤,単路－その他,環状交差点以外 環状交差点以外をいう。,施設なし,対象外当事者,その他,対象外当事者,その他,単路－19.5m以上,直線－平坦,単路（交差点付近を含む）,規制なし,中央分離なし,区分あり－防護柵等,車両相互,45～54歳,35～44歳,貨物車－準中型車,貨物車－普通車,自家用,自家用,貨物車,貨物車,60㎞／ｈ以下,60㎞／ｈ以下,前-無,前-後,小破,小破,その他,その他,その他,その他,損傷なし,損傷なし,水,その他,20,阪神高速道路,走行車線－第二通行帯以上,その他,該当なし,平坦・該当なし,,3,該当なし,該当なし,該当なし,0,34.685396,135.497985,2020-07-08,17:13,blue
本票,大阪,高速道路交通警察隊,0270,負傷,0,3,50010,対象外,0000,128,昼－昼,雨,非市街地,舗装－湿潤,単路－その他,環状交差点以外 環状交差点以外をいう。,施設なし,対象外当事者,その他,対象外当事者,その他,単路－19.5m以上,直線－平坦,単路（交差点付近を含む）,規制なし,中央分離なし,区分あり－防護柵等,車両相互,25～34歳,25～34歳,乗用車－普通車,貨物車－普通車,自家用,自家用,乗用車,貨物車,60㎞／ｈ以下,60㎞／ｈ以下,前-無,前-後,小破,小破,その他,その他,その他,その他,損傷なし,負傷,火,その他,26,阪神高速道路,走行車線－第二通行帯以上,その他,該当なし,平坦・該当なし,,3,該当なし,該当なし,該当なし,0,34.690887,135.497604,2020-07-14,11:40,blue
本票,兵庫,高速道路交通警察隊,0231,負傷,0,1,50040,下,0206,206,昼－昼,雨,市街地－その他,舗装－湿潤,単路－橋,環状交差点以外 環状交差点以外をいう。,施設なし,対象外当事者,その他,対象外当事者,その他,単路－13.0m以上,直線－平坦,単路（交差点付近を含む）,規制なし,中央分離帯,区分あり－路側帯,車両相互,45～54歳,35～44歳,貨物車－中型車,貨物車－普通車,自家用,自家用,貨物車,貨物車,60㎞／ｈ以下,60㎞／ｈ以下,前-無,前-無,小破,小破,その他,その他,その他,その他,損傷なし,負傷,火,その他,196,阪神高速道路,走行車線－第二通行帯以上,完全分離－高架・橋梁,直線,平坦・該当なし,,2,該当なし,該当なし,該当なし,0,34.725292,135.302672,2020-07-07,07:15,blue
本票,兵庫,高速道路交通警察隊,0268,負傷,0,1,50210,上,0119,111,昼－昼,曇,市街地－その他,舗装－湿潤,単路－その他,環状交差点以外 環状交差点以外をいう。,施設なし,対象外当事者,その他,対象外当事者,その他,単路－13.0m以上,直線－平坦,単路（交差点付近を含む）,規制なし,中央分離帯,区分あり－路側帯,車両相互,0～24歳,25～34歳,貨物車－準中型車,乗用車－普通車,自家用,自家用,貨物車,乗用車,70㎞／ｈ以下,70㎞／ｈ以下,前-無,前-無,大破,小破,その他,その他,その他,その他,負傷,損傷なし,月,その他,109,西日本高速道路,走行車線－第一通行帯,完全分離－切土,直線,平坦・該当なし,,2,該当なし,該当なし,該当なし,0,34.665497,135.025415,2020-07-27,07:00,blue
本票,岡山,高速道路交通警察隊,0013,負傷,0,2,45120,対象外,0000,101,昼－昼,曇,非市街地,舗装－乾燥,単路－トンネル,環状交差点以外 環状交差点以外をいう。,施設なし,対象外当事者,その他,対象外当事者,その他,単路－9.0m以上,直線－平坦,単路（交差点付近を含む）,規制なし,中央分離帯,区分なし,車両相互,55～64歳,65～74歳,乗用車－普通車,乗用車－普通車,自家用,自家用,乗用車,乗用車,80㎞／ｈ以下,80㎞／ｈ以下,右前-後,前-無,中破,中破,その他,その他,その他,その他,損傷なし,損傷なし,木,当日,1334,西日本高速道路,走行車線－第二通行帯以上,完全分離－トンネル,直線,平坦・該当なし,田麦俣,3,該当なし,該当なし,80㎞/h以下,3181,34.713582,133.923039,2020-07-23,10:57,blue
本票,山口,高速道路交通警察隊,0020,負傷,0,2,45020,下,5216,201,昼－昼,雨,非市街地,舗装－湿潤,単路－その他,環状交差点以外 環状交差点以外をいう。,施設なし,対象外当事者,その他,対象外当事者,その他,単路－9.0m以上,直線－上り,単路（交差点付近を含む）,規制なし,中央分離帯,区分なし,車両相互,55～64歳,0～24歳,乗用車－軽自動車,貨物車－軽自動車,自家用,自家用,乗用車,貨物車,指定の速度規制なし等,指定の速度規制なし等,右前-右,右前-左前,中破,中破,装備あり 作動,その他,その他,その他,負傷,損傷なし,金,その他,5216,西日本高速道路,走行車線－第一通行帯,完全分離－その他,直線,上り・下り－３％以上,,2,該当なし,あり－異常気象,50㎞/h以下,0,34.094694,131.053389,2020-07-10,18:00,blue
本票,福岡,高速道路交通警察隊,0581,負傷,0,1,51030,上,0055,132,昼－昼,雨,市街地－人口集中,舗装－湿潤,単路－その他,環状交差点以外 環状交差点以外をいう。,施設なし,対象外当事者,その他,対象外当事者,その他,単路－13.0m以上,直線－平坦,単路（交差点付近を含む）,規制なし,中央分離帯,区分あり－路側帯,車両相互,0～24歳,35～44歳,乗用車－普通車,乗用車－普通車,自家用,自家用,乗用車,乗用車,60㎞／ｈ以下,60㎞／ｈ以下,左前-無,右前-無,小破,小破,その他,その他,その他,その他,損傷なし,負傷,木,その他,55,福岡・北九州高速,走行車線－第一通行帯,完全分離－その他,直線,平坦・該当なし,,2,該当なし,該当なし,60㎞/h以下,0,33.579719,130.444355,2020-06-25,12:25,blue
本票,福岡,高速道路交通警察隊,1030,負傷,0,1,50680,下,0273,109,昼－昼,晴,非市街地,舗装－乾燥,単路－その他,環状交差点以外 環状交差点以外をいう。,施設なし,対象外当事者,その他,対象外当事者,その他,単路－9.0m以上,直線－平坦,単路（交差点付近を含む）,規制なし,中央分離帯,区分なし,車両相互,0～24歳,35～44歳,乗用車－普通車,乗用車－普通車,自家用,自家用,乗用車,乗用車,80㎞／ｈ以下,80㎞／ｈ以下,右前-右,左前-左,小破,小破,その他,装備あり 作動,その他,その他,損傷なし,負傷,土,その他,273,福岡・北九州高速,走行車線－第二通行帯以上,完全分離－その他,直線,平坦・該当なし,,2,該当なし,該当なし,80㎞/h以下,0,33.820039,130.756642,2020-06-20,18:05,blue
本票,佐賀,高速道路交通警察隊,0016,負傷,0,1,47020,下,0917,341,夜－暮,雨,非市街地,舗装－湿潤,単路－その他,環状交差点以外 環状交差点以外をいう。,施設なし,対象外当事者,その他,対象外当事者,その他,単路－13.0m以上,直線－平坦,単路（交差点付近を含む）,規制なし,中央分離帯,区分あり－路側帯,車両相互,45～54歳,55～64歳,乗用車－普通車,乗用車－普通車,自家用,自家用,乗用車,乗用車,指定の速度規制なし等,指定の速度規制なし等,右前-右,右前-右,中破,中破,その他,その他,その他,その他,損傷なし,負傷,土,その他,917,西日本高速道路,走行車線－第一通行帯,完全分離－高架・橋梁,直線,平坦・該当なし,,2,該当なし,あり－異常気象,50㎞/h以下,0,33.434952,130.535349,2020-06-27,20:00,blue
本票,熊本,高速道路交通警察隊,0016,負傷,0,1,50010,対象外,0000,202,昼－昼,雨,非市街地,舗装－湿潤,単路－トンネル,環状交差点以外 環状交差点以外をいう。,施設なし,対象外当事者,その他,対象外当事者,その他,単路－5.5m以上,直線－平坦,単路（交差点付近を含む）,規制なし,中央線－ポストコーン,区分あり－縁石・ブロック等,車両相互,25～34歳,25～34歳,貨物車－大型車,乗用車－普通車,事業用,自家用,貨物車,乗用車,70㎞／ｈ以下,70㎞／ｈ以下,前-右前,前-右前,大破,大破,その他,装備あり 作動,その他,その他,損傷なし,負傷,金,その他,141,国土交通省,走行車線－第一通行帯,非分離－トンネル,該当なし,平坦・該当なし,朝里,3,該当なし,該当なし,該当なし,1936,32.410028,130.558217,2020-06-19,07:55,blue
本票,大分,高速道路交通警察隊,0007,負傷,0,1,50010,上,0659,211,昼－昼,晴,非市街地,舗装－乾燥,単路－その他,環状交差点以外 環状交差点以外をいう。,施設なし,対象外当事者,その他,対象外当事者,その他,単路－5.5m以上,直線－平坦,単路（交差点付近を含む）,規制なし,中央線－ポストコーン,区分なし,車両相互,45～54歳,25～34歳,乗用車－普通車,乗用車－軽自動車,自家用,自家用,乗用車,乗用車,70㎞／ｈ以下,70㎞／ｈ以下,右前-無,右前-無,中破,中破,装備あり 作動,装備あり 作動,装備あり 作動,装備あり 作動,負傷,損傷なし,日,その他,659,西日本高速道路,走行車線－第一通行帯,非分離－切土,直線,平坦－２％以上,,2,該当なし,該当なし,該当なし,0,33.465613,131.342964,2020-06-28,09:15,blue
本票,宮城,高速道路交通警察隊,0030,負傷,0,1,41010,上,0000,322,昼－昼,雨,非市街地,舗装－湿潤,単路－カーブ・屈折,環状交差点以外 環状交差点以外をいう。,施設なし,対象外当事者,その他,対象外当事者,その他,単路－13.0m以上,カーブ・屈折－右－上り,単路（交差点付近を含む）,規制なし,中央分離帯,区分なし,車両相互,45～54歳,55～64歳,乗用車－普通車,貨物車－軽自動車,自家用,事業用,乗用車,貨物車,80㎞／ｈ以下,80㎞／ｈ以下,前-無,前-右,小破,中破,その他,その他,その他,その他,負傷,損傷なし,水,その他,3175,東日本高速道路,追越車線,完全分離－その他,カーブ－400m以上,上り・下り－３％以上,,2,該当なし,該当なし,該当なし,0,38.157432,140.748088,2020-07-29,10:30,blue
本票,東京,高速道路交通警察隊,0333,負傷,0,1,50280,下,0000,108,昼－昼,雨,市街地－人口集中,舗装－湿潤,単路－その他,環状交差点以外 環状交差点以外をいう。,施設なし,対象外当事者,その他,対象外当事者,その他,単路－13.0m以上,直線－平坦,単路（交差点付近を含む）,規制なし,中央分離帯,区分なし,車両相互,35～44歳,55～64歳,貨物車－中型車,乗用車－軽自動車,事業用,自家用,貨物車,乗用車,80㎞／ｈ以下,80㎞／ｈ以下,前-無,右前-後,小破,中破,その他,その他,その他,その他,損傷なし,負傷,火,その他,0,首都高速道路,追越車線,完全分離－その他,直線,平坦・該当なし,,3,該当なし,該当なし,該当なし,0,35.646938,139.830932,2020-07-14,11:30,blue
本票,東京,高速道路交通警察隊,0348,負傷,0,3,42610,上,0000,204,昼－昼,晴,市街地－人口集中,舗装－乾燥,単路－その他,環状交差点以外 環状交差点以外をいう。,施設なし,対象外当事者,その他,対象外当事者,その他,単路－9.0m以上,直線－平坦,単路（交差点付近を含む）,規制なし,中央分離帯,区分なし,車両相互,45～54歳,45～54歳,貨物車－普通車,乗用車－軽自動車,自家用,自家用,貨物車,乗用車,60㎞／ｈ以下,60㎞／ｈ以下,前-無,前-後,中破,中破,装備あり 作動,装備あり 作動,その他,その他,損傷なし,負傷,木,その他,27,中日本高速道路,追越車線,完全分離－高架・橋梁,直線,平坦・該当なし,,4,該当なし,該当なし,60㎞/h以下,0,35.674327,139.585504,2020-08-06,06:12,blue
本票,東京,高速道路交通警察隊,0349,負傷,0,1,50290,上,0000,114,夜－夜,雨,市街地－人口集中,舗装－乾燥,単路－トンネル,環状交差点以外 環状交差点以外をいう。,施設なし,対象外当事者,その他,対象外当事者,その他,単路－3.5m以上,直線－平坦,単路（交差点付近を含む）,規制なし,中央分離帯,区分あり－路側帯,車両相互,35～44歳,0～24歳,乗用車－普通車,貨物車－普通車,自家用,自家用,乗用車,貨物車,60㎞／ｈ以下,60㎞／ｈ以下,前-無,前-後,中破,中破,その他,その他,その他,その他,損傷なし,損傷なし,金,その他,0,東日本高速道路,走行車線－第二通行帯以上,完全分離－トンネル,直線,平坦・該当なし,常磐,3,該当なし,該当なし,60㎞/h以下,11216,35.694508,139.682485,2020-06-19,20:16,blue
本票,神奈川,高速道路交通警察隊,0246,負傷,0,12,52100,下,0000,151,昼－昼,晴,非市街地,舗装－乾燥,単路－トンネル,環状交差点以外 環状交差点以外をいう。,施設なし,対象外当事者,その他,対象外当事者,その他,単路－9.0m以上,直線－下り,単路（交差点付近を含む）,規制なし,中央分離帯,区分なし,車両相互,0～24歳,45～54歳,乗用車－普通車,乗用車－普通車,自家用,自家用,乗用車,乗用車,80㎞／ｈ以下,80㎞／ｈ以下,前-無,前-後,中破,中破,装備あり 作動,その他,その他,その他,損傷なし,負傷,月,当日,274,中日本高速道路,追越車線,完全分離－トンネル,直線,上り・下り－３％以上,小倉山トンネル,3,該当なし,該当なし,該当なし,2098,35.564134,139.309198,2020-08-10,17:32,blue
本票,神奈川,高速道路交通警察隊,0257,負傷,0,3,50070,上,0000,101,昼－暮,晴,非市街地,舗装－乾燥,単路－その他,環状交差点以外 環状交差点以外をいう。,施設なし,対象外当事者,その他,対象外当事者,その他,単路－13.0m以上,直線－平坦,単路（交差点付近を含む）,規制なし,中央分離帯,区分なし,車両相互,0～24歳,25～34歳,乗用車－普通車,乗用車－普通車,自家用,自家用,乗用車,乗用車,80㎞／ｈ以下,80㎞／ｈ以下,左前-左,右前-右,小破,小破,その他,その他,その他,その他,損傷なし,負傷,水,その他,449,首都高速道路,減速車線,完全分離－高架・橋梁,該当なし,平坦・該当なし,,2,該当なし,該当なし,該当なし,0,35.462090,139.679069,2020-08-19,17:45,blue
本票,静岡,高速道路交通警察隊,0124,負傷,0,1,42820,下,0000,220,昼－昼,晴,非市街地,舗装－乾燥,単路－その他,環状交差点以外 環状交差点以外をいう。,施設なし,対象外当事者,その他,対象外当事者,その他,単路－3.5m以上,直線－平坦,単路（交差点付近を含む）,規制なし,中央分離帯,区分あり－路側帯,車両相互,65～74歳,25～34歳,貨物車－準中型車,乗用車－普通車,自家用,自家用,貨物車,乗用車,100㎞/h以下,100㎞/h以下,右前-無,左前-無,小破,小破,その他,その他,その他,その他,損傷なし,負傷,水,その他,626,中日本高速道路,走行車線－第二通行帯以上,完全分離－高架・橋梁,直線,平坦・該当なし,,2,該当なし,該当なし,該当なし,0,35.185559,138.888689,2020-06-03,11:11,blue
本票,静岡,高速道路交通警察隊,0128,負傷,0,1,42720,下,0000,203,昼－昼,晴,非市街地,舗装－乾燥,単路－橋,環状交差点以外 環状交差点以外をいう。,施設なし,対象外当事者,その他,対象外当事者,その他,単路－3.5m以上,カーブ・屈折－右－平坦,単路（交差点付近を含む）,規制なし,中央分離なし,区分あり－路側帯,車両相互,55～64歳,55～64歳,乗用車－普通車,乗用車－軽自動車,自家用,自家用,乗用車,乗用車,40㎞／ｈ以下,40㎞／ｈ以下,前-無,前-無,小破,小破,装備あり 作動,装備あり 作動,その他,その他,負傷,損傷なし,木,その他,0,国土交通省,料金所等付近－その他 ランプウェイに設置された料金所及びこれに接続する広場をいう。,その他,該当なし,平坦・該当なし,,2,該当なし,該当なし,該当なし,0,35.143288,138.863879,2020-08-27,13:54,blue
本票,愛知,高速道路交通警察隊,0263,負傷,0,4,51040,下,0000,101,昼－昼,晴,非市街地,舗装－乾燥,単路－トンネル,環状交差点以外 環状交差点以外をいう。,施設なし,対象外当事者,その他,対象外当事者,その他,単路－9.0m以上,直線－平坦,単路（交差点付近を含む）,規制なし,中央分離帯,区分あり－防護柵等,車両相互,25～34歳,25～34歳,乗用車－普通車,貨物車－普通車,自家用,自家用,乗用車,貨物車,50㎞／ｈ以下,50㎞／ｈ以下,前-無,前-後,小破,小破,その他,その他,その他,その他,損傷なし,負傷,月,その他,60,名古屋高速,走行車線－第一通行帯,完全分離－トンネル,直線,平坦・該当なし,東山,3,該当なし,該当なし,該当なし,3560,35.160926,136.950191,2020-08-03,08:40,blue
本票,愛知,高速道路交通警察隊,0265,負傷,0,2,44010,上,0000,203,昼－昼,雨,市街地－その他,舗装－乾燥,単路－その他,環状交差点以外 環状交差点以外をいう。,施設なし,対象外当事者,その他,対象外当事者,その他,単路－13.0m以上,直線－平坦,単路（交差点付近を含む）,規制なし,中央分離帯,区分あり－路側帯,車両相互,0～24歳,0～24歳,乗用車－普通車,乗用車－普通車,自家用,自家用,乗用車,乗用車,指定の速度規制なし等,指定の速度規制なし等,前-無,前-後,小破,小破,その他,その他,その他,その他,損傷なし,負傷,日,その他,6,中日本高速道路,走行車線－第二通行帯以上,完全分離－その他,直線,平坦・該当なし,,2,該当なし,該当なし,該当なし,0,35.289837,136.780308,2020-07-26,16:05,blue
本票,大阪,高速道路交通警察隊,0279,負傷,0,3,51090,対象外,0000,126,昼－昼,晴,市街地－人口集中,舗装－乾燥,単路－その他,環状交差点以外 環状交差点以外をいう。,施設なし,対象外当事者,その他,対象外当事者,その他,単路－13.0m以上,直線－平坦,単路（交差点付近を含む）,規制なし,中央分離なし,区分なし,車両相互,25～34歳,25～34歳,乗用車－普通車,乗用車－普通車,自家用,自家用,乗用車,乗用車,40㎞／ｈ以下,40㎞／ｈ以下,前-無,前-後,小破,小破,その他,その他,その他,その他,損傷なし,負傷,木,その他,93,阪神高速道路,走行車線－第二通行帯以上,その他,該当なし,平坦・該当なし,,3,該当なし,該当なし,40㎞/h以下,0,34.597429,135.550083,2020-07-30,12:23,blue
本票,大阪,高速道路交通警察隊,0288,負傷,0,1,44210,上,0000,228,昼－昼,晴,市街地－その他,舗装－乾燥,単路－その他,環状交差点以外 環状交差点以外をいう。,施設なし,対象外当事者,その他,対象外当事者,その他,単路－5.5m以上,直線－上り,単路（交差点付近を含む）,規制なし,中央分離帯,区分なし,車両相互,0～24歳,45～54歳,乗用車－普通車,乗用車－普通車,自家用,自家用,乗用車,乗用車,80㎞／ｈ以下,80㎞／ｈ以下,前-無,前-後,小破,中破,その他,その他,その他,その他,損傷なし,負傷,月,当日,689,西日本高速道路,走行車線－第二通行帯以上,その他,該当なし,平坦・該当なし,,3,該当なし,該当なし,該当なし,0,34.357404,135.313345,2020-08-10,09:52,blue