資料区分,都道府県コード,警察署等コード,本票番号,事故内容,死者数,負傷者数,路線コード,上下線,地点コード,市区町村コード,昼夜,天候,地形,路面状態,道路形状,環状交差点の直径,信号機,一時停止規制　標識（当事者A）,一時停止規制　表示（当事者A）,一時停止規制　標識（当事者B）,一時停止規制　表示（当事者B）,車道幅員,道路線形,衝突地点,ゾーン規制,中央分離帯施設等,歩車道区分,事故類型,年齢（当事者A）,年齢（当事者B）,当事者種別（当事者A）,当事者種別（当事者B）,用途別（当事者A）,用途別（当事者B）,車両形状（当事者A）,車両形状（当事者B）,速度規制（指定のみ）（当事者A）,速度規制（指定のみ）（当事者B）,車両の衝突部位（当事者A）,車両の衝突部位（当事者B）,車両の損壊程度（当事者A）,車両の損壊程度（当事者B）,エアバッグの装備（当事者A）,エアバッグの装備（当事者B）,サイドエアバッグの装備（当事者A）,サイドエアバッグの装備（当事者B）,人身損傷程度（当事者A）,人身損傷程度（当事者B）,曜日(発生年月日),祝日(発生年月日),発生地点,道路管理者区分,道路区分,道路構造,曲線半径,縦断勾配,トンネル番号,当事者車両台数,車両単独事故の対象物,臨時速度規制の有無,速度規制（臨時のみ）,トンネル延長距離,緯度,経度,発生日,発生時,color
本票,大阪,高速道路交通警察隊,0302,負傷,0,1,44170,上,0000,217,昼－昼,晴,非市街地,舗装－乾燥,単路－その他,環状交差点以外 環状交差点以外をいう。,施設なし,対象外当事者,その他,対象外当事者,その他,単路－13.0m以上,直線－平坦,単路（交差点付近を含む）,規制なし,中央分離帯,区分なし,車両相互,0～24歳,0～24歳,乗用車－普通車,乗用車－軽自動車,自家用,自家用,乗用車,乗用車,80㎞／ｈ以下,80㎞／ｈ以下,左前-左,右前-右,小破,小破,その他,その他,その他,その他,負傷,損傷なし,木,その他,279,西日本高速道路,走行車線－第二通行帯以上,完全分離－その他,直線,平坦・該当なし,,2,該当なし,該当なし,該当なし,0,34.587316,135.573282,2020-08-20,06:40,blue
本票,兵庫,高速道路交通警察隊,0277,負傷,0,3,45020,下,0179,214,昼－昼,雨,市街地－人口集中,舗装－湿潤,単路－橋,環状交差点以外 環状交差点以外をいう。,施設なし,対象外当事者,その他,対象外当事者,その他,単路－19.5m以上,カーブ・屈折－右－平坦,単路（交差点付近を含む）,規制なし,中央分離帯,区分あり－路側帯,車両相互,35～44歳,45～54歳,貨物車－準中型車,貨物車－準中型車,自家用,事業用,貨物車,貨物車,50㎞／ｈ以下,50㎞／ｈ以下,左前-無,右前-無,中破,中破,装備あり 作動,その他,装備あり 作動,その他,損傷なし,負傷,木,その他,169,西日本高速道路,走行車線－第二通行帯以上,完全分離－高架・橋梁,カーブ－1000m以上,平坦・該当なし,,2,該当なし,該当なし,50㎞/h以下,0,34.807174,135.367626,2020-07-30,17:00,blue
本票,岩手,高速道路交通警察隊,0022,負傷,0,1,50210,下,2613,202,夜－夜,雨,非市街地,舗装－湿潤,交差点付近－その他,環状交差点以外 環状交差点以外をいう。,施設なし,対象外当事者,その他,対象外当事者,その他,単路－3.5m以上,直線－下り,単路（交差点付近を含む）,規制なし,中央分離帯,区分なし,車両相互,45～54歳,45～54歳,乗用車－普通車,乗用車－軽自動車,自家用,自家用,乗用車,乗用車,40㎞／ｈ以下,40㎞／ｈ以下,前-無,右前-無,小破,小破,その他,その他,その他,その他,損傷なし,損傷なし,土,その他,2613,国土交通省,ジャンクション,完全分離－切土,直線,上り・下り－４％以上,,2,該当なし,該当なし,該当なし,0,39.623888,141.926015,2020-09-26,19:50,blue
本票,宮城,高速道路交通警察隊,0039,負傷,0,1,50120,下,0000,216,昼－昼,曇,非市街地,舗装－乾燥,単路－その他,環状交差点以外 環状交差点以外をいう。,施設なし,対象外当事者,その他,対象外当事者,その他,単路－5.5m以上,直線－平坦,単路（交差点付近を含む）,規制なし,中央分離帯,区分なし,車両相互,35～44歳,65～74歳,貨物車－大型車,乗用車－普通車,自家用,自家用,貨物車,乗用車,70㎞／ｈ以下,70㎞／ｈ以下,左前-無,左前-無,中破,大破,その他,装備あり 作動,その他,その他,負傷,損傷なし,月,その他,77,東日本高速道路,走行車線－第一通行帯,完全分離－その他,直線,平坦－１％以上,,2,該当なし,該当なし,該当なし,0,38.362981,140.929685,2020-08-31,16:45,blue
本票,東京,高速道路交通警察隊,0394,負傷,0,1,50290,上,0000,109,昼－昼,晴,市街地－人口集中,舗装－乾燥,単路－その他,環状交差点以外 環状交差点以外をいう。,点灯－３灯式,対象外当事者,その他,対象外当事者,その他,単路－3.5m以上,直線－上り,単路（交差点付近を含む）,規制なし,中央分離帯,区分なし,車両相互,0～24歳,65～74歳,乗用車－普通車,乗用車－普通車,自家用,自家用,乗用車,乗用車,40㎞／ｈ以下,40㎞／ｈ以下,前-無,前-無,小破,小破,その他,その他,その他,その他,損傷なし,損傷なし,火,その他,0,首都高速道路,走行車線－第一通行帯,完全分離－その他,直線,平坦・該当なし,,2,該当なし,該当なし,該当なし,0,35.628251,139.712425,2020-09-08,15:55,blue
本票,東京,高速道路交通警察隊,0395,負傷,0,4,50300,下,0000,113,昼－昼,雨,市街地－人口集中,舗装－湿潤,単路－トンネル,環状交差点以外 環状交差点以外をいう。,施設なし,対象外当事者,その他,対象外当事者,その他,単路－3.5m以上,直線－下り,単路（交差点付近を含む）,規制なし,中央分離帯,区分なし,車両相互,35～44歳,45～54歳,乗用車－普通車,貨物車－普通車,自家用,自家用,乗用車,貨物車,40㎞／ｈ以下,40㎞／ｈ以下,前-無,前-後,中破,中破,装備あり 作動,装備あり 作動,その他,その他,損傷なし,負傷,木,当日,0,首都高速道路,走行車線－第一通行帯,完全分離－トンネル,直線,上り・下り－８％以上,常磐,3,該当なし,該当なし,該当なし,9632,35.686145,139.684937,2020-07-23,16:40,blue
本票,東京,高速道路交通警察隊,0430,負傷,0,4,50250,上,0000,102,昼－昼,曇,市街地－人口集中,舗装－湿潤,単路－その他,環状交差点以外 環状交差点以外をいう。,施設なし,対象外当事者,その他,対象外当事者,その他,単路－13.0m以上,直線－平坦,単路（交差点付近を含む）,規制なし,中央線－ポストコーン,区分なし,車両相互,65～74歳,35～44歳,乗用車－普通車,乗用車－軽自動車,事業用,自家用,乗用車,乗用車,40㎞／ｈ以下,40㎞／ｈ以下,前-後,前-無,中破,大破,その他,装備あり 作動,その他,その他,負傷,損傷なし,火,その他,0,その他,走行車線－第一通行帯,その他,該当なし,平坦・該当なし,,3,該当なし,該当なし,該当なし,0,35.673159,139.763598,2020-07-14,13:15,blue
本票,埼玉,高速道路交通警察隊,0195,負傷,0,7,41070,上,0000,224,昼－昼,晴,非市街地,舗装－乾燥,単路－その他,環状交差点以外 環状交差点以外をいう。,施設なし,対象外当事者,その他,対象外当事者,その他,単路－19.5m以上,直線－平坦,単路（交差点付近を含む）,規制なし,中央分離帯,区分なし,車両相互,0～24歳,0～24歳,乗用車－普通車,乗用車－普通車,自家用,自家用,乗用車,乗用車,80㎞／ｈ以下,80㎞／ｈ以下,前-無,前-後,小破,中破,その他,その他,その他,その他,損傷なし,損傷なし,土,その他,75,東日本高速道路,走行車線－第一通行帯,完全分離－その他,直線,平坦－１％未満,,3,該当なし,該当なし,該当なし,0,35.820842,139.638892,2020-08-29,11:22,blue
本票,埼玉,高速道路交通警察隊,0198,負傷,0,3,41010,上,0000,216,昼－昼,晴,非市街地,舗装－乾燥,単路－その他,環状交差点以外 環状交差点以外をいう。,施設なし,対象外当事者,その他,対象外当事者,その他,単路－13.0m以上,直線－平坦,単路（交差点付近を含む）,規制なし,中央分離帯,区分なし,車両相互,35～44歳,55～64歳,乗用車－普通車,乗用車－普通車,自家用,自家用,乗用車,乗用車,指定の速度規制なし等,指定の速度規制なし等,前-左後,右前-前,大破,大破,装備あり 作動,装備あり 作動,その他,その他,損傷なし,負傷,土,その他,429,東日本高速道路,走行車線－第二通行帯以上,完全分離－その他,直線,平坦－１％未満,,2,該当なし,該当なし,該当なし,0,36.196799,139.580673,2020-08-29,07:05,blue
本票,埼玉,高速道路交通警察隊,0203,負傷,0,2,42120,下,0000,237,昼－昼,晴,非市街地,舗装－乾燥,単路－その他,環状交差点以外 環状交差点以外をいう。,施設なし,対象外当事者,その他,対象外当事者,その他,単路－19.5m以上,直線－平坦,単路（交差点付近を含む）,規制なし,中央分離帯,区分なし,車両相互,45～54歳,45～54歳,貨物車－大型車,貨物車－中型車,事業用,事業用,貨物車,貨物車,60㎞／ｈ以下,60㎞／ｈ以下,前-無,前-後,小破,小破,その他,その他,その他,その他,損傷なし,負傷,火,当日,37,東日本高速道路,走行車線－第二通行帯以上,完全分離－その他,直線,平坦－１％未満,,3,該当なし,該当なし,該当なし,0,35.863322,139.881829,2020-09-22,10:49,blue
本票,愛知,高速道路交通警察隊,0290,負傷,0,1,42630,上,0000,203,昼－昼,晴,非市街地,舗装－乾燥,単路－その他,環状交差点以外 環状交差点以外をいう。,施設なし,対象外当事者,その他,対象外当事者,その他,単路－19.5m以上,直線－平坦,その他,規制なし,中央分離なし,区分なし,車両相互,35～44歳,25～34歳,乗用車－普通車,貨物車－軽自動車,自家用,自家用,乗用車,貨物車,40㎞／ｈ以下,40㎞／ｈ以下,前-無,前-後,小破,小破,その他,その他,その他,その他,損傷なし,損傷なし,土,その他,3550,中日本高速道路,その他,その他,該当なし,平坦・該当なし,,3,該当なし,該当なし,該当なし,0,35.273017,136.827933,2020-09-05,09:35,blue
本票,愛知,高速道路交通警察隊,0302,負傷,0,2,44120,下,0000,104,昼－昼,晴,非市街地,舗装－乾燥,単路－その他,環状交差点以外 環状交差点以外をいう。,施設なし,対象外当事者,その他,対象外当事者,その他,単路－5.5m以上,直線－平坦,単路（交差点付近を含む）,規制なし,中央分離帯,区分なし,車両相互,25～34歳,0～24歳,乗用車－軽自動車,乗用車－軽自動車,自家用,自家用,乗用車,乗用車,60㎞／ｈ以下,60㎞／ｈ以下,前-無,前-後,小破,小破,その他,その他,その他,その他,損傷なし,負傷,月,当日,181,中日本高速道路,走行車線－第一通行帯,完全分離－高架・橋梁,直線,平坦・該当なし,,3,該当なし,あり－渋滞,40㎞/h以下,0,35.222378,136.865245,2020-09-21,09:45,blue
本票,愛知,高速道路交通警察隊,0312,負傷,0,2,51510,上,0000,106,夜－暮,雨,市街地－その他,舗装－湿潤,単路－その他,環状交差点以外 環状交差点以外をいう。,施設なし,対象外当事者,その他,対象外当事者,その他,単路－9.0m以上,直線－平坦,単路（交差点付近を含む）,規制なし,中央分離帯,区分あり－防護柵等,車両相互,25～34歳,25～34歳,乗用車－軽自動車,乗用車－軽自動車,自家用,自家用,乗用車,乗用車,60㎞／ｈ以下,60㎞／ｈ以下,前-無,前-後,小破,小破,装備あり 作動,その他,その他,その他,損傷なし,負傷,金,その他,5,名古屋高速,走行車線－第一通行帯,完全分離－高架・橋梁,直線,平坦・該当なし,,3,該当なし,該当なし,該当なし,0,35.161599,136.915479,2020-09-25,18:30,blue
本票,兵庫,高速道路交通警察隊,0347,負傷,0,1,50230,上,0746,210,昼－昼,晴,市街地－その他,舗装－乾燥,単路－橋,環状交差点以外 環状交差点以外をいう。,施設なし,対象外当事者,その他,対象外当事者,その他,単路－13.0m以上,直線－平坦,単路（交差点付近を含む）,規制なし,中央分離帯,区分あり－路側帯,車両相互,35～44歳,45～54歳,貨物車－大型車,貨物車－軽自動車,事業用,自家用,貨物車,貨物車,60㎞／ｈ以下,60㎞／ｈ以下,左前-無,右前-右前,小破,小破,その他,その他,その他,その他,損傷なし,損傷なし,水,その他,736,西日本高速道路,走行車線－第一通行帯,完全分離－その他,直線,平坦・該当なし,,3,該当なし,該当なし,該当なし,0,34.776940,134.837905,2020-09-23,08:42,blue
本票,熊本,高速道路交通警察隊,0018,負傷,0,1,47020,下,0000,369,昼－昼,晴,市街地－その他,舗装－乾燥,単路－その他,環状交差点以外 環状交差点以外をいう。,施設なし,対象外当事者,その他,対象外当事者,その他,単路－19.5m以上,直線－平坦,単路（交差点付近を含む）,規制なし,中央分離帯,区分なし,車両相互,35～44歳,25～34歳,貨物車－準中型車,乗用車－普通車,自家用,自家用,貨物車,乗用車,50㎞／ｈ以下,50㎞／ｈ以下,前-無,前-後,小破,小破,装備あり 作動,その他,その他,その他,損傷なし,負傷,火,その他,1484,西日本高速道路,追越車線,完全分離－盛土,該当なし,平坦・該当なし,,3,該当なし,該当なし,50㎞/h以下,0,32.977410,130.613910,2020-07-21,09:35,blue
本票,宮崎,高速道路交通警察隊,0008,負傷,0,1,47240,下,3369,201,昼－昼,晴,非市街地,舗装－乾燥,単路－その他,環状交差点以外 環状交差点以外をいう。,施設なし,対象外当事者,その他,対象外当事者,その他,単路－3.5m以上,直線－平坦,単路（交差点付近を含む）,規制なし,中央線－ポストコーン,区分なし,車両相互,55～64歳,35～44歳,貨物車－普通車,乗用車－軽自動車,自家用,自家用,貨物車,乗用車,70㎞／ｈ以下,70㎞／ｈ以下,前-無,前-無,小破,小破,その他,その他,その他,その他,損傷なし,負傷,木,その他,3369,西日本高速道路,走行車線－第一通行帯,非分離－盛土,直線,平坦・該当なし,,2,該当なし,該当なし,該当なし,0,31.875294,131.361632,2020-09-03,16:30,blue
本票,山形,高速道路交通警察隊,0009,死亡,1,1,41410,上,0722,202,昼－昼,雨,非市街地,舗装－湿潤,単路－カーブ・屈折,環状交差点以外 環状交差点以外をいう。,施設なし,対象外当事者,その他,対象外当事者,その他,単路－9.0m以上,カーブ・屈折－右－平坦,単路（交差点付近を含む）,規制なし,中央線－ポストコーン,区分あり－路側帯,車両相互,35～44歳,45～54歳,乗用車－普通車,乗用車－普通車,自家用,自家用,乗用車,乗用車,70㎞／ｈ以下,70㎞／ｈ以下,左前-無,右前-無,大破,大破,装備あり 作動,装備あり 作動,その他,その他,負傷,死亡,土,その他,722,国土交通省,走行車線－第一通行帯,非分離－その他,カーブ－1000m以上,平坦－２％以上,,2,該当なし,該当なし,該当なし,0,37.869389,140.207556,2020-10-10,08:08,red
本票,東京,高速道路交通警察隊,0439,負傷,0,2,50290,上,0000,114,夜－夜,晴,市街地－人口集中,舗装－乾燥,単路－トンネル,環状交差点以外 環状交差点以外をいう。,施設なし,対象外当事者,その他,対象外当事者,その他,単路－9.0m以上,直線－平坦,単路（交差点付近を含む）,規制なし,中央分離帯,区分あり－防護柵等,車両相互,0～24歳,25～34歳,乗用車－普通車,貨物車－普通車,自家用,自家用,乗用車,貨物車,60㎞／ｈ以下,60㎞／ｈ以下,前-後,前-無,小破,小破,装備あり 作動,装備あり 作動,その他,装備あり 作動,負傷,損傷なし,木,その他,0,首都高速道路,走行車線－第二通行帯以上,完全分離－トンネル,直線,平坦・該当なし,常磐,3,該当なし,該当なし,該当なし,11216,35.701089,139.682882,2020-09-17,19:25,blue
本票,東京,高速道路交通警察隊,0469,負傷,0,1,50270,上,0000,111,昼－昼,晴,市街地－人口集中,舗装－乾燥,単路－その他,環状交差点以外 環状交差点以外をいう。,施設なし,対象外当事者,その他,対象外当事者,その他,単路－13.0m以上,直線－平坦,単路（交差点付近を含む）,ゾーン30,中央分離帯,区分あり－防護柵等,車両相互,45～54歳,45～54歳,貨物車－中型車,貨物車－準中型車,自家用,事業用,貨物車,貨物車,80㎞／ｈ以下,80㎞／ｈ以下,前-無,前-後,大破,大破,その他,その他,その他,その他,損傷なし,負傷,木,その他,0,首都高速道路,追越車線,完全分離－その他,直線,平坦・該当なし,,3,該当なし,該当なし,80㎞/h以下,0,35.556021,139.782001,2020-10-29,09:43,blue
本票,東京,高速道路交通警察隊,0472,負傷,0,3,50290,上,0000,104,昼－明,晴,市街地－人口集中,舗装－乾燥,単路－トンネル,環状交差点以外 環状交差点以外をいう。,施設なし,対象外当事者,その他,対象外当事者,その他,単路－9.0m以上,直線－平坦,単路（交差点付近を含む）,規制なし,中央分離帯,区分なし,車両相互,45～54歳,55～64歳,乗用車－普通車,乗用車－普通車,自家用,自家用,乗用車,乗用車,60㎞／ｈ以下,60㎞／ｈ以下,前-無,前-後,小破,小破,その他,その他,その他,その他,損傷なし,負傷,水,その他,0,首都高速道路,走行車線－第二通行帯以上,完全分離－トンネル,直線,平坦・該当なし,常磐,3,該当なし,該当なし,該当なし,11216,35.722136,139.692232,2020-10-21,06:16,blue
本票,埼玉,高速道路交通警察隊,0210,負傷,0,6,41070,上,0000,224,昼－明,雨,非市街地,舗装－湿潤,単路－その他,環状交差点以外 環状交差点以外をいう。,施設なし,対象外当事者,その他,対象外当事者,その他,単路－19.5m以上,直線－平坦,単路（交差点付近を含む）,規制なし,中央分離帯,区分なし,車両相互,55～64歳,25～34歳,貨物車－普通車,貨物車－軽自動車,自家用,自家用,貨物車,貨物車,80㎞／ｈ以下,80㎞／ｈ以下,前-後,前-無,小破,小破,その他,装備あり 作動,その他,その他,負傷,負傷,土,その他,75,東日本高速道路,走行車線－第二通行帯以上,完全分離－その他,直線,平坦－１％未満,,3,該当なし,該当なし,該当なし,0,35.821026,139.639001,2020-09-26,06:26,blue
本票,埼玉,高速道路交通警察隊,0237,負傷,0,3,42130,上,0000,221,昼－昼,晴,非市街地,舗装－乾燥,単路－その他,環状交差点以外 環状交差点以外をいう。,施設なし,対象外当事者,その他,対象外当事者,その他,単路－19.5m以上,直線－平坦,単路（交差点付近を含む）,規制なし,中央分離帯,区分なし,車両相互,45～54歳,25～34歳,乗用車－普通車,乗用車－普通車,自家用,自家用,乗用車,乗用車,80㎞／ｈ以下,80㎞／ｈ以下,前-無,前-後,中破,中破,装備あり 作動,その他,その他,その他,損傷なし,負傷,火,その他,216,東日本高速道路,走行車線－第二通行帯以上,完全分離－その他,直線,平坦－１％未満,,3,該当なし,該当なし,該当なし,0,35.848438,139.775602,2020-10-20,07:42,blue
本票,埼玉,高速道路交通警察隊,0247,負傷,0,2,42010,上,0000,211,昼－昼,雨,非市街地,舗装－湿潤,単路－その他,環状交差点以外 環状交差点以外をいう。,施設なし,対象外当事者,その他,対象外当事者,その他,単路－13.0m以上,直線－平坦,単路（交差点付近を含む）,規制なし,中央分離帯,区分なし,車両相互,25～34歳,55～64歳,乗用車－普通車,乗用車－普通車,自家用,自家用,乗用車,乗用車,80㎞／ｈ以下,80㎞／ｈ以下,前-右,前-右,大破,大破,装備あり 作動,装備あり 作動,その他,その他,損傷なし,負傷,土,その他,689,東日本高速道路,走行車線－第二通行帯以上,完全分離－盛土,直線,平坦－１％未満,,2,該当なし,あり－その他,80㎞/h以下,0,36.213387,139.168059,2020-10-10,11:07,blue
本票,神奈川,高速道路交通警察隊,0340,負傷,0,1,50010,上,0000,118,昼－昼,雨,非市街地,舗装－湿潤,単路－その他,環状交差点以外 環状交差点以外をいう。,施設なし,対象外当事者,その他,対象外当事者,その他,単路－13.0m以上,直線－上り,単路（交差点付近を含む）,規制なし,中央分離帯,区分なし,車両相互,35～44歳,45～54歳,貨物車－普通車,貨物車－軽自動車,自家用,自家用,貨物車,貨物車,40㎞／ｈ以下,80㎞／ｈ以下,左前-無,前-無,中破,中破,その他,装備あり 作動,その他,その他,損傷なし,負傷,金,その他,106,東日本高速道路,追越車線,完全分離－その他,該当なし,平坦・該当なし,,3,該当なし,該当なし,該当なし,0,35.521469,139.593615,2020-10-09,08:55,blue
本票,神奈川,高速道路交通警察隊,0350,負傷,0,2,42720,下,8680,364,昼－昼,晴,非市街地,舗装－乾燥,単路－トンネル,環状交差点以外 環状交差点以外をいう。,施設なし,対象外当事者,その他,対象外当事者,その他,単路－13.0m以上,直線－平坦,単路（交差点付近を含む）,規制なし,中央分離帯,区分なし,車両相互,55～64歳,45～54歳,乗用車－普通車,乗用車－普通車,自家用,自家用,乗用車,乗用車,80㎞／ｈ以下,80㎞／ｈ以下,前-前,前-後,中破,小破,その他,その他,その他,その他,損傷なし,負傷,日,その他,670,中日本高速道路,追越車線,完全分離－トンネル,直線,平坦・該当なし,平泉,3,該当なし,該当なし,該当なし,347,35.368001,139.072885,2020-10-11,14:33,blue
本票,神奈川,高速道路交通警察隊,0354,負傷,0,1,51030,下,0000,108,昼－昼,晴,非市街地,舗装－乾燥,単路－その他,環状交差点以外 環状交差点以外をいう。,施設なし,対象外当事者,その他,対象外当事者,その他,単路－19.5m以上,直線－平坦,単路（交差点付近を含む）,規制なし,中央分離帯,区分なし,車両相互,25～34歳,45～54歳,貨物車－軽自動車,貨物車－軽自動車,自家用,自家用,貨物車,貨物車,80㎞／ｈ以下,80㎞／ｈ以下,左前-無,右前-無,小破,小破,その他,その他,その他,その他,損傷なし,負傷,火,その他,141,東日本高速道路,減速車線,完全分離－その他,該当なし,平坦・該当なし,,2,該当なし,該当なし,該当なし,0,35.337347,139.591032,2020-10-06,07:45,blue
本票,神奈川,高速道路交通警察隊,0359,負傷,0,1,42720,下,8179,113,昼－暮,雨,非市街地,舗装－湿潤,単路－その他,環状交差点以外 環状交差点以外をいう。,施設なし,対象外当事者,その他,対象外当事者,その他,単路－19.5m以上,直線－平坦,単路（交差点付近を含む）,規制なし,中央分離帯,区分なし,車両相互,25～34歳,35～44歳,貨物車－大型車,乗用車－普通車,事業用,自家用,貨物車,乗用車,80㎞／ｈ以下,80㎞／ｈ以下,右前-右,左前-左,中破,中破,その他,その他,その他,その他,負傷,損傷なし,土,その他,169,中日本高速道路,走行車線－第二通行帯以上,その他,該当なし,平坦・該当なし,,2,該当なし,該当なし,該当なし,0,35.525794,139.504569,2020-10-10,17:05,blue
本票,神奈川,高速道路交通警察隊,0362,負傷,0,4,42721,下,8680,364,昼－昼,晴,非市街地,舗装－乾燥,単路－トンネル,環状交差点以外 環状交差点以外をいう。,施設なし,対象外当事者,その他,対象外当事者,その他,単路－13.0m以上,直線－平坦,単路（交差点付近を含む）,規制なし,中央分離帯,区分なし,車両相互,25～34歳,45～54歳,乗用車－普通車,乗用車－普通車,自家用,自家用,乗用車,乗用車,80㎞／ｈ以下,80㎞／ｈ以下,前-無,前-後,中破,中破,装備あり 作動,装備あり 作動,その他,その他,損傷なし,負傷,日,その他,670,中日本高速道路,追越車線,完全分離－トンネル,該当なし,平坦・該当なし,藤山西,4,該当なし,該当なし,該当なし,360,35.364118,139.068974,2020-10-18,10:25,blue
本票,神奈川,高速道路交通警察隊,0368,負傷,0,2,51000,上,0000,112,昼－昼,曇,非市街地,舗装－乾燥,単路－その他,環状交差点以外 環状交差点以外をいう。,施設なし,対象外当事者,その他,対象外当事者,その他,単路－19.5m以上,直線－平坦,単路（交差点付近を含む）,規制なし,中央分離帯,区分なし,車両相互,25～34歳,0～24歳,乗用車－軽自動車,二輪車－自動二輪－小型二輪－251～400cc,自家用,自家用,乗用車,対象外当事者,80㎞／ｈ以下,80㎞／ｈ以下,左前-無,前-無,小破,中破,その他,対象外当事者,その他,対象外当事者,損傷なし,負傷,火,その他,3082,国土交通省,走行車線－第二通行帯以上,完全分離－その他,直線,平坦・該当なし,,4,該当なし,該当なし,該当なし,0,35.486451,139.508721,2020-10-20,08:23,blue
本票,静岡,高速道路交通警察隊,0174,負傷,0,1,42810,上,0000,213,夜－夜,晴,非市街地,舗装－乾燥,単路－その他,環状交差点以外 環状交差点以外をいう。,施設なし,対象外当事者,その他,対象外当事者,その他,単路－3.5m以上,直線－平坦,単路（交差点付近を含む）,規制なし,中央分離帯,区分あり－路側帯,車両相互,65～74歳,55～64歳,乗用車－普通車,乗用車－普通車,自家用,自家用,乗用車,乗用車,100㎞/h以下,100㎞/h以下,左前-無,右前-無,小破,小破,その他,その他,その他,その他,損傷なし,負傷,火,その他,1681,中日本高速道路,走行車線－第二通行帯以上,完全分離－高低分離,直線,平坦・該当なし,,2,該当なし,あり－工事等,50㎞/h以下,0,34.831926,137.961812,2020-10-20,23:07,blue
本票,愛知,高速道路交通警察隊,0322,負傷,0,3,44120,下,0000,115,昼－昼,晴,非市街地,舗装－乾燥,単路－その他,環状交差点以外 環状交差点以外をいう。,施設なし,対象外当事者,その他,対象外当事者,その他,単路－19.5m以上,直線－平坦,単路（交差点付近を含む）,規制なし,中央分離帯,区分なし,車両相互,0～24歳,25～34歳,乗用車－普通車,貨物車－普通車,自家用,自家用,乗用車,貨物車,40㎞／ｈ以下,40㎞／ｈ以下,前-後,前-右前,中破,中破,装備あり 作動,その他,その他,その他,負傷,損傷なし,火,その他,30,中日本高速道路,追越車線,完全分離－盛土,直線,平坦－１％未満,,4,該当なし,あり－渋滞,40㎞/h以下,0,35.184923,137.001551,2020-09-29,09:20,blue
本票,愛知,高速道路交通警察隊,0331,負傷,0,2,44010,上,0000,203,夜－暮,雨,非市街地,舗装－湿潤,単路－その他,環状交差点以外 環状交差点以外をいう。,施設なし,対象外当事者,その他,対象外当事者,その他,単路－9.0m以上,直線－平坦,単路（交差点付近を含む）,規制なし,中央分離帯,区分なし,車両相互,25～34歳,25～34歳,乗用車－普通車,乗用車－軽自動車,自家用,自家用,乗用車,乗用車,50㎞／ｈ以下,50㎞／ｈ以下,前-無,前-後,小破,小破,その他,その他,その他,その他,損傷なし,負傷,金,その他,5,中日本高速道路,走行車線－第一通行帯,完全分離－その他,直線,平坦・該当なし,,3,該当なし,あり－渋滞,50㎞/h以下,0,35.289118,136.780517,2020-10-09,17:25,blue
本票,愛知,高速道路交通警察隊,0338,負傷,0,3,44010,上,0000,203,昼－昼,晴,市街地－その他,舗装－乾燥,単路－その他,環状交差点以外 環状交差点以外をいう。,施設なし,対象外当事者,その他,対象外当事者,その他,単路－13.0m以上,直線－平坦,単路（交差点付近を含む）,規制なし,中央分離帯,区分なし,車両相互,0～24歳,25～34歳,乗用車－普通車,乗用車－普通車,自家用,自家用,乗用車,乗用車,50㎞／ｈ以下,50㎞／ｈ以下,前-無,前-後,小破,小破,装備あり 作動,その他,その他,その他,損傷なし,負傷,日,その他,9,中日本高速道路,走行車線－第一通行帯,完全分離－その他,直線,平坦・該当なし,,3,該当なし,あり－渋滞,50㎞/h以下,0,35.292795,136.779444,2020-10-11,16:10,blue
本票,愛知,高速道路交通警察隊,0343,負傷,0,4,42630,上,0000,203,昼－暮,晴,市街地－その他,舗装－乾燥,単路－その他,環状交差点以外 環状交差点以外をいう。,施設なし,対象外当事者,その他,対象外当事者,その他,単路－13.0m以上,直線－平坦,単路（交差点付近を含む）,規制なし,中央分離帯,区分あり－路側帯,車両相互,45～54歳,55～64歳,乗用車－普通車,乗用車－普通車,自家用,自家用,乗用車,乗用車,50㎞／ｈ以下,50㎞／ｈ以下,前-無,前-後,小破,小破,その他,その他,その他,その他,損傷なし,負傷,月,その他,3605,中日本高速道路,追越車線,完全分離－盛土,直線,平坦・該当なし,,3,該当なし,あり－渋滞,50㎞/h以下,0,35.284011,136.769111,2020-10-12,16:40,blue
本票,愛知,高速道路交通警察隊,0348,負傷,0,1,51820,下,0000,233,昼－明,晴,非市街地,舗装－乾燥,単路－その他,環状交差点以外 環状交差点以外をいう。,施設なし,対象外当事者,その他,対象外当事者,その他,単路－13.0m以上,直線－平坦,単路（交差点付近を含む）,規制なし,中央分離帯,区分あり－縁石・ブロック等,車両相互,25～34歳,0～24歳,乗用車－普通車,乗用車－軽自動車,自家用,自家用,乗用車,乗用車,80㎞／ｈ以下,80㎞／ｈ以下,前-無,前-無,小破,小破,その他,その他,その他,その他,損傷なし,負傷,日,その他,35,名古屋高速,走行車線－第一通行帯,完全分離－盛土,直線,平坦・該当なし,,2,該当なし,該当なし,該当なし,0,35.249706,136.844199,2020-10-18,06:10,blue